id,user_id,active,name,symbol,date,net_qty,avg_price,ltp,current_price
1,1,0,"HCL Technologies",HCLTECH,2020-08-08,36,568.0000,800.0000,890.0000
2,2,0,"TCS ",TCS,2020-08-08,360,1568.0000,1850.8900,1900.0000
3,3,0,"ITC LIMITED",ITC,2020-08-08,36,568.0000,850.8900,900.0000
4,4,0,CIPLA,CIPLA,2020-08-08,100,568.0000,450.8900,430.0000
5,5,0,APPLE-TEST,"TEST - APPLE",2020-08-08,1,100.0000,100.0000,130.0000
6,6,0,APPLE,APPLE,2020-08-08,1236,2568.0000,2000.0000,1900.0000
7,6,1,ERROR,ERROR,2020-08-08,1236,2568.0000,2000.0000,1900.0000
34403,1,0,"HCL Technologies",HCLTECH,"2020-08-08 00:00:00.0",36,568.0000,800.0000,890.0000
34404,2,0,"TCS ",TCS,"2020-08-08 00:00:00.0",360,1568.0000,1850.8900,1900.0000
34405,3,0,"ITC LIMITED",ITC,"2020-08-08 00:00:00.0",36,568.0000,850.8900,900.0000
34406,4,0,CIPLA,CIPLA,"2020-08-08 00:00:00.0",100,568.0000,450.8900,430.0000
34407,5,0,APPLE-TEST,"TEST - APPLE","2020-08-08 00:00:00.0",1,100.0000,100.0000,130.0000
34408,6,0,APPLE,APPLE,"2020-08-08 00:00:00.0",1236,2568.0000,2000.0000,1900.0000
34409,6,1,ERROR,ERROR,"2020-08-08 00:00:00.0",1236,2568.0000,2000.0000,1900.0000
34410,1,0,"HCL Technologies",HCLTECH,"2020-08-08 00:00:00.0",36,568.0000,800.0000,890.0000
34411,2,0,"TCS ",TCS,"2020-08-08 00:00:00.0",360,1568.0000,1850.8900,1900.0000
34412,3,0,"ITC LIMITED",ITC,"2020-08-08 00:00:00.0",36,568.0000,850.8900,900.0000
34413,4,0,CIPLA,CIPLA,"2020-08-08 00:00:00.0",100,568.0000,450.8900,430.0000
34414,5,0,APPLE-TEST,"TEST - APPLE","2020-08-08 00:00:00.0",1,100.0000,100.0000,130.0000
34415,6,0,APPLE,APPLE,"2020-08-08 00:00:00.0",1236,2568.0000,2000.0000,1900.0000
34416,6,1,ERROR,ERROR,"2020-08-08 00:00:00.0",1236,2568.0000,2000.0000,1900.0000
34417,1,0,"HCL Technologies",HCLTECH,"2020-08-08 00:00:00.0",36,568.0000,800.0000,890.0000
34418,2,0,"TCS ",TCS,"2020-08-08 00:00:00.0",360,1568.0000,1850.8900,1900.0000
34419,3,0,"ITC LIMITED",ITC,"2020-08-08 00:00:00.0",36,568.0000,850.8900,900.0000
34420,4,0,CIPLA,CIPLA,"2020-08-08 00:00:00.0",100,568.0000,450.8900,430.0000
34421,5,0,APPLE-TEST,"TEST - APPLE","2020-08-08 00:00:00.0",1,100.0000,100.0000,130.0000
34422,6,0,APPLE,APPLE,"2020-08-08 00:00:00.0",1236,2568.0000,2000.0000,1900.0000
34423,1,0,"HCL Technologies",HCLTECH,"2020-08-08 00:00:00.0",36,568.0000,800.0000,890.0000
34424,2,0,"TCS ",TCS,"2020-08-08 00:00:00.0",360,1568.0000,1850.8900,1900.0000
34425,3,0,"ITC LIMITED",ITC,"2020-08-08 00:00:00.0",36,568.0000,850.8900,900.0000
34426,4,0,CIPLA,CIPLA,"2020-08-08 00:00:00.0",100,568.0000,450.8900,430.0000
34427,5,0,APPLE-TEST,"TEST - APPLE","2020-08-08 00:00:00.0",1,100.0000,100.0000,130.0000
34428,6,0,APPLE,APPLE,"2020-08-08 00:00:00.0",1236,2568.0000,2000.0000,1900.0000
34429,1,0,"HCL Technologies",HCLTECH,"2020-08-08 00:00:00.0",36,568.0000,800.0000,890.0000
34430,2,0,"TCS ",TCS,"2020-08-08 00:00:00.0",360,1568.0000,1850.8900,1900.0000
34431,3,0,"ITC LIMITED",ITC,"2020-08-08 00:00:00.0",36,568.0000,850.8900,900.0000
34432,4,0,CIPLA,CIPLA,"2020-08-08 00:00:00.0",100,568.0000,450.8900,430.0000
34433,5,0,APPLE-TEST,"TEST - APPLE","2020-08-08 00:00:00.0",1,100.0000,100.0000,130.0000
34434,6,0,APPLE,APPLE,"2020-08-08 00:00:00.0",1236,2568.0000,2000.0000,1900.0000
34435,1,0,"HCL Technologies",HCLTECH,"2020-08-08 00:00:00.0",36,568.0000,800.0000,890.0000
34436,2,0,"TCS ",TCS,"2020-08-08 00:00:00.0",360,1568.0000,1850.8900,1900.0000
34437,3,0,"ITC LIMITED",ITC,"2020-08-08 00:00:00.0",36,568.0000,850.8900,900.0000
34438,4,0,CIPLA,CIPLA,"2020-08-08 00:00:00.0",100,568.0000,450.8900,430.0000
34439,5,0,APPLE-TEST,"TEST - APPLE","2020-08-08 00:00:00.0",1,100.0000,100.0000,130.0000
34440,6,0,APPLE,APPLE,"2020-08-08 00:00:00.0",1236,2568.0000,2000.0000,1900.0000
34441,1,0,"HCL Technologies",HCLTECH,"2020-08-08 00:00:00.0",36,568.0000,800.0000,890.0000
34442,2,0,"TCS ",TCS,"2020-08-08 00:00:00.0",360,1568.0000,1850.8900,1900.0000
34443,3,0,"ITC LIMITED",ITC,"2020-08-08 00:00:00.0",36,568.0000,850.8900,900.0000
34444,4,0,CIPLA,CIPLA,"2020-08-08 00:00:00.0",100,568.0000,450.8900,430.0000
34445,5,0,APPLE-TEST,"TEST - APPLE","2020-08-08 00:00:00.0",1,100.0000,100.0000,130.0000
34446,6,0,APPLE,APPLE,"2020-08-08 00:00:00.0",1236,2568.0000,2000.0000,1900.0000
34447,1,0,"HCL Technologies",HCLTECH,"2020-08-08 00:00:00.0",36,568.0000,800.0000,890.0000
34448,2,0,"TCS ",TCS,"2020-08-08 00:00:00.0",360,1568.0000,1850.8900,1900.0000
34449,3,0,"ITC LIMITED",ITC,"2020-08-08 00:00:00.0",36,568.0000,850.8900,900.0000
34450,4,0,CIPLA,CIPLA,"2020-08-08 00:00:00.0",100,568.0000,450.8900,430.0000
34451,5,0,APPLE-TEST,"TEST - APPLE","2020-08-08 00:00:00.0",1,100.0000,100.0000,130.0000
34452,6,0,APPLE,APPLE,"2020-08-08 00:00:00.0",1236,2568.0000,2000.0000,1900.0000
34453,1,0,"HCL Technologies",HCLTECH,"2020-08-08 00:00:00.0",36,568.0000,800.0000,890.0000
34454,2,0,"TCS ",TCS,"2020-08-08 00:00:00.0",360,1568.0000,1850.8900,1900.0000
34455,3,0,"ITC LIMITED",ITC,"2020-08-08 00:00:00.0",36,568.0000,850.8900,900.0000
34456,4,0,CIPLA,CIPLA,"2020-08-08 00:00:00.0",100,568.0000,450.8900,430.0000
34457,5,0,APPLE-TEST,"TEST - APPLE","2020-08-08 00:00:00.0",1,100.0000,100.0000,130.0000
34458,6,0,APPLE,APPLE,"2020-08-08 00:00:00.0",1236,2568.0000,2000.0000,1900.0000
34459,1,0,"HCL Technologies",HCLTECH,"2020-08-08 00:00:00.0",36,568.0000,800.0000,890.0000
34460,2,0,"TCS ",TCS,"2020-08-08 00:00:00.0",360,1568.0000,1850.8900,1900.0000
34461,3,0,"ITC LIMITED",ITC,"2020-08-08 00:00:00.0",36,568.0000,850.8900,900.0000
34462,4,0,CIPLA,CIPLA,"2020-08-08 00:00:00.0",100,568.0000,450.8900,430.0000
34463,5,0,APPLE-TEST,"TEST - APPLE","2020-08-08 00:00:00.0",1,100.0000,100.0000,130.0000
34464,6,0,APPLE,APPLE,"2020-08-08 00:00:00.0",1236,2568.0000,2000.0000,1900.0000
34465,1,0,"HCL Technologies",HCLTECH,"2020-08-08 00:00:00.0",36,568.0000,800.0000,890.0000
34466,2,0,"TCS ",TCS,"2020-08-08 00:00:00.0",360,1568.0000,1850.8900,1900.0000
34467,3,0,"ITC LIMITED",ITC,"2020-08-08 00:00:00.0",36,568.0000,850.8900,900.0000
34468,4,0,CIPLA,CIPLA,"2020-08-08 00:00:00.0",100,568.0000,450.8900,430.0000
34469,5,0,APPLE-TEST,"TEST - APPLE","2020-08-08 00:00:00.0",1,100.0000,100.0000,130.0000
34470,6,0,APPLE,APPLE,"2020-08-08 00:00:00.0",1236,2568.0000,2000.0000,1900.0000
34471,1,0,"HCL Technologies",HCLTECH,"2020-08-08 00:00:00.0",36,568.0000,800.0000,890.0000
34472,2,0,"TCS ",TCS,"2020-08-08 00:00:00.0",360,1568.0000,1850.8900,1900.0000
34473,3,0,"ITC LIMITED",ITC,"2020-08-08 00:00:00.0",36,568.0000,850.8900,900.0000
34474,4,0,CIPLA,CIPLA,"2020-08-08 00:00:00.0",100,568.0000,450.8900,430.0000
34475,5,0,APPLE-TEST,"TEST - APPLE","2020-08-08 00:00:00.0",1,100.0000,100.0000,130.0000
34476,6,0,APPLE,APPLE,"2020-08-08 00:00:00.0",1236,2568.0000,2000.0000,1900.0000
34477,1,0,"HCL Technologies",HCLTECH,"2020-08-08 00:00:00.0",36,568.0000,800.0000,890.0000
34478,2,0,"TCS ",TCS,"2020-08-08 00:00:00.0",360,1568.0000,1850.8900,1900.0000
34479,3,0,"ITC LIMITED",ITC,"2020-08-08 00:00:00.0",36,568.0000,850.8900,900.0000
34480,4,0,CIPLA,CIPLA,"2020-08-08 00:00:00.0",100,568.0000,450.8900,430.0000
34481,5,0,APPLE-TEST,"TEST - APPLE","2020-08-08 00:00:00.0",1,100.0000,100.0000,130.0000
34482,6,0,APPLE,APPLE,"2020-08-08 00:00:00.0",1236,2568.0000,2000.0000,1900.0000
34483,1,0,"HCL Technologies",HCLTECH,"2020-08-08 00:00:00.0",36,568.0000,800.0000,890.0000
34484,2,0,"TCS ",TCS,"2020-08-08 00:00:00.0",360,1568.0000,1850.8900,1900.0000
34485,3,0,"ITC LIMITED",ITC,"2020-08-08 00:00:00.0",36,568.0000,850.8900,900.0000
34486,4,0,CIPLA,CIPLA,"2020-08-08 00:00:00.0",100,568.0000,450.8900,430.0000
34487,5,0,APPLE-TEST,"TEST - APPLE","2020-08-08 00:00:00.0",1,100.0000,100.0000,130.0000
34488,6,0,APPLE,APPLE,"2020-08-08 00:00:00.0",1236,2568.0000,2000.0000,1900.0000
34489,1,0,"HCL Technologies",HCLTECH,"2020-08-08 00:00:00.0",36,568.0000,800.0000,890.0000
34490,2,0,"TCS ",TCS,"2020-08-08 00:00:00.0",360,1568.0000,1850.8900,1900.0000
34491,3,0,"ITC LIMITED",ITC,"2020-08-08 00:00:00.0",36,568.0000,850.8900,900.0000
34492,4,0,CIPLA,CIPLA,"2020-08-08 00:00:00.0",100,568.0000,450.8900,430.0000
34493,5,0,APPLE-TEST,"TEST - APPLE","2020-08-08 00:00:00.0",1,100.0000,100.0000,130.0000
34494,6,0,APPLE,APPLE,"2020-08-08 00:00:00.0",1236,2568.0000,2000.0000,1900.0000
34495,1,0,"HCL Technologies",HCLTECH,"2020-08-08 00:00:00.0",36,568.0000,800.0000,890.0000
34496,2,0,"TCS ",TCS,"2020-08-08 00:00:00.0",360,1568.0000,1850.8900,1900.0000
34497,3,0,"ITC LIMITED",ITC,"2020-08-08 00:00:00.0",36,568.0000,850.8900,900.0000
34498,4,0,CIPLA,CIPLA,"2020-08-08 00:00:00.0",100,568.0000,450.8900,430.0000
34499,5,0,APPLE-TEST,"TEST - APPLE","2020-08-08 00:00:00.0",1,100.0000,100.0000,130.0000
34500,6,0,APPLE,APPLE,"2020-08-08 00:00:00.0",1236,2568.0000,2000.0000,1900.0000
34501,1,0,"HCL Technologies",HCLTECH,"2020-08-08 00:00:00.0",36,568.0000,800.0000,890.0000
34502,2,0,"TCS ",TCS,"2020-08-08 00:00:00.0",360,1568.0000,1850.8900,1900.0000
34503,3,0,"ITC LIMITED",ITC,"2020-08-08 00:00:00.0",36,568.0000,850.8900,900.0000
34504,4,0,CIPLA,CIPLA,"2020-08-08 00:00:00.0",100,568.0000,450.8900,430.0000
34505,5,0,APPLE-TEST,"TEST - APPLE","2020-08-08 00:00:00.0",1,100.0000,100.0000,130.0000
34506,6,0,APPLE,APPLE,"2020-08-08 00:00:00.0",1236,2568.0000,2000.0000,1900.0000
34507,6,1,ERROR,ERROR,"2020-08-08 00:00:00.0",1236,2568.0000,2000.0000,1900.0000
34508,1,0,"HCL Technologies",HCLTECH,"2020-08-08 00:00:00.0",36,568.0000,800.0000,890.0000
34509,2,0,"TCS ",TCS,"2020-08-08 00:00:00.0",360,1568.0000,1850.8900,1900.0000
34510,3,0,"ITC LIMITED",ITC,"2020-08-08 00:00:00.0",36,568.0000,850.8900,900.0000
34511,4,0,CIPLA,CIPLA,"2020-08-08 00:00:00.0",100,568.0000,450.8900,430.0000
34512,5,0,APPLE-TEST,"TEST - APPLE","2020-08-08 00:00:00.0",1,100.0000,100.0000,130.0000
34513,6,0,APPLE,APPLE,"2020-08-08 00:00:00.0",1236,2568.0000,2000.0000,1900.0000
34514,1,0,"HCL Technologies",HCLTECH,"2020-08-08 00:00:00.0",36,568.0000,800.0000,890.0000
34515,2,0,"TCS ",TCS,"2020-08-08 00:00:00.0",360,1568.0000,1850.8900,1900.0000
34516,3,0,"ITC LIMITED",ITC,"2020-08-08 00:00:00.0",36,568.0000,850.8900,900.0000
34517,4,0,CIPLA,CIPLA,"2020-08-08 00:00:00.0",100,568.0000,450.8900,430.0000
34518,5,0,APPLE-TEST,"TEST - APPLE","2020-08-08 00:00:00.0",1,100.0000,100.0000,130.0000
34519,6,0,APPLE,APPLE,"2020-08-08 00:00:00.0",1236,2568.0000,2000.0000,1900.0000
34520,1,0,"HCL Technologies",HCLTECH,"2020-08-08 00:00:00.0",36,568.0000,800.0000,890.0000
34521,2,0,"TCS ",TCS,"2020-08-08 00:00:00.0",360,1568.0000,1850.8900,1900.0000
34522,3,0,"ITC LIMITED",ITC,"2020-08-08 00:00:00.0",36,568.0000,850.8900,900.0000
34523,4,0,CIPLA,CIPLA,"2020-08-08 00:00:00.0",100,568.0000,450.8900,430.0000
34524,5,0,APPLE-TEST,"TEST - APPLE","2020-08-08 00:00:00.0",1,100.0000,100.0000,130.0000
34525,6,0,APPLE,APPLE,"2020-08-08 00:00:00.0",1236,2568.0000,2000.0000,1900.0000
34526,1,0,"HCL Technologies",HCLTECH,"2020-08-08 00:00:00.0",36,568.0000,800.0000,890.0000
34527,2,0,"TCS ",TCS,"2020-08-08 00:00:00.0",360,1568.0000,1850.8900,1900.0000
34528,3,0,"ITC LIMITED",ITC,"2020-08-08 00:00:00.0",36,568.0000,850.8900,900.0000
34529,4,0,CIPLA,CIPLA,"2020-08-08 00:00:00.0",100,568.0000,450.8900,430.0000
34530,5,0,APPLE-TEST,"TEST - APPLE","2020-08-08 00:00:00.0",1,100.0000,100.0000,130.0000
34531,6,0,APPLE,APPLE,"2020-08-08 00:00:00.0",1236,2568.0000,2000.0000,1900.0000
34532,1,0,"HCL Technologies",HCLTECH,"2020-08-08 00:00:00.0",36,568.0000,800.0000,890.0000
34533,2,0,"TCS ",TCS,"2020-08-08 00:00:00.0",360,1568.0000,1850.8900,1900.0000
34534,3,0,"ITC LIMITED",ITC,"2020-08-08 00:00:00.0",36,568.0000,850.8900,900.0000
34535,4,0,CIPLA,CIPLA,"2020-08-08 00:00:00.0",100,568.0000,450.8900,430.0000
34536,5,0,APPLE-TEST,"TEST - APPLE","2020-08-08 00:00:00.0",1,100.0000,100.0000,130.0000
34537,6,0,APPLE,APPLE,"2020-08-08 00:00:00.0",1236,2568.0000,2000.0000,1900.0000
34538,1,0,"HCL Technologies",HCLTECH,"2020-08-08 00:00:00.0",36,568.0000,800.0000,890.0000
34539,2,0,"TCS ",TCS,"2020-08-08 00:00:00.0",360,1568.0000,1850.8900,1900.0000
34540,3,0,"ITC LIMITED",ITC,"2020-08-08 00:00:00.0",36,568.0000,850.8900,900.0000
34541,4,0,CIPLA,CIPLA,"2020-08-08 00:00:00.0",100,568.0000,450.8900,430.0000
34542,5,0,APPLE-TEST,"TEST - APPLE","2020-08-08 00:00:00.0",1,100.0000,100.0000,130.0000
34543,6,0,APPLE,APPLE,"2020-08-08 00:00:00.0",1236,2568.0000,2000.0000,1900.0000
34544,1,0,"HCL Technologies",HCLTECH,"2020-08-08 00:00:00.0",36,568.0000,800.0000,890.0000
34545,2,0,"TCS ",TCS,"2020-08-08 00:00:00.0",360,1568.0000,1850.8900,1900.0000
34546,3,0,"ITC LIMITED",ITC,"2020-08-08 00:00:00.0",36,568.0000,850.8900,900.0000
34547,4,0,CIPLA,CIPLA,"2020-08-08 00:00:00.0",100,568.0000,450.8900,430.0000
34548,5,0,APPLE-TEST,"TEST - APPLE","2020-08-08 00:00:00.0",1,100.0000,100.0000,130.0000
34549,6,0,APPLE,APPLE,"2020-08-08 00:00:00.0",1236,2568.0000,2000.0000,1900.0000
34550,1,0,"HCL Technologies",HCLTECH,"2020-08-08 00:00:00.0",36,568.0000,800.0000,890.0000
34551,2,0,"TCS ",TCS,"2020-08-08 00:00:00.0",360,1568.0000,1850.8900,1900.0000
34552,3,0,"ITC LIMITED",ITC,"2020-08-08 00:00:00.0",36,568.0000,850.8900,900.0000
34553,4,0,CIPLA,CIPLA,"2020-08-08 00:00:00.0",100,568.0000,450.8900,430.0000
34554,5,0,APPLE-TEST,"TEST - APPLE","2020-08-08 00:00:00.0",1,100.0000,100.0000,130.0000
34555,6,0,APPLE,APPLE,"2020-08-08 00:00:00.0",1236,2568.0000,2000.0000,1900.0000
34556,1,0,"HCL Technologies",HCLTECH,"2020-08-08 00:00:00.0",36,568.0000,800.0000,890.0000
34557,2,0,"TCS ",TCS,"2020-08-08 00:00:00.0",360,1568.0000,1850.8900,1900.0000
34558,3,0,"ITC LIMITED",ITC,"2020-08-08 00:00:00.0",36,568.0000,850.8900,900.0000
34559,4,0,CIPLA,CIPLA,"2020-08-08 00:00:00.0",100,568.0000,450.8900,430.0000
34560,5,0,APPLE-TEST,"TEST - APPLE","2020-08-08 00:00:00.0",1,100.0000,100.0000,130.0000
34561,6,0,APPLE,APPLE,"2020-08-08 00:00:00.0",1236,2568.0000,2000.0000,1900.0000
34562,1,0,"HCL Technologies",HCLTECH,"2020-08-08 00:00:00.0",36,568.0000,800.0000,890.0000
34563,2,0,"TCS ",TCS,"2020-08-08 00:00:00.0",360,1568.0000,1850.8900,1900.0000
34564,3,0,"ITC LIMITED",ITC,"2020-08-08 00:00:00.0",36,568.0000,850.8900,900.0000
34565,4,0,CIPLA,CIPLA,"2020-08-08 00:00:00.0",100,568.0000,450.8900,430.0000
34566,5,0,APPLE-TEST,"TEST - APPLE","2020-08-08 00:00:00.0",1,100.0000,100.0000,130.0000
34567,6,0,APPLE,APPLE,"2020-08-08 00:00:00.0",1236,2568.0000,2000.0000,1900.0000
34568,1,0,"HCL Technologies",HCLTECH,"2020-08-08 00:00:00.0",36,568.0000,800.0000,890.0000
34569,2,0,"TCS ",TCS,"2020-08-08 00:00:00.0",360,1568.0000,1850.8900,1900.0000
34570,3,0,"ITC LIMITED",ITC,"2020-08-08 00:00:00.0",36,568.0000,850.8900,900.0000
34571,4,0,CIPLA,CIPLA,"2020-08-08 00:00:00.0",100,568.0000,450.8900,430.0000
34572,5,0,APPLE-TEST,"TEST - APPLE","2020-08-08 00:00:00.0",1,100.0000,100.0000,130.0000
34573,6,0,APPLE,APPLE,"2020-08-08 00:00:00.0",1236,2568.0000,2000.0000,1900.0000
34574,1,0,"HCL Technologies",HCLTECH,"2020-08-08 00:00:00.0",36,568.0000,800.0000,890.0000
34575,2,0,"TCS ",TCS,"2020-08-08 00:00:00.0",360,1568.0000,1850.8900,1900.0000
34576,3,0,"ITC LIMITED",ITC,"2020-08-08 00:00:00.0",36,568.0000,850.8900,900.0000
34577,4,0,CIPLA,CIPLA,"2020-08-08 00:00:00.0",100,568.0000,450.8900,430.0000
34578,5,0,APPLE-TEST,"TEST - APPLE","2020-08-08 00:00:00.0",1,100.0000,100.0000,130.0000
34579,6,0,APPLE,APPLE,"2020-08-08 00:00:00.0",1236,2568.0000,2000.0000,1900.0000
34580,1,0,"HCL Technologies",HCLTECH,"2020-08-08 00:00:00.0",36,568.0000,800.0000,890.0000
34581,2,0,"TCS ",TCS,"2020-08-08 00:00:00.0",360,1568.0000,1850.8900,1900.0000
34582,3,0,"ITC LIMITED",ITC,"2020-08-08 00:00:00.0",36,568.0000,850.8900,900.0000
34583,4,0,CIPLA,CIPLA,"2020-08-08 00:00:00.0",100,568.0000,450.8900,430.0000
34584,5,0,APPLE-TEST,"TEST - APPLE","2020-08-08 00:00:00.0",1,100.0000,100.0000,130.0000
34585,6,0,APPLE,APPLE,"2020-08-08 00:00:00.0",1236,2568.0000,2000.0000,1900.0000
34586,1,0,"HCL Technologies",HCLTECH,"2020-08-08 00:00:00.0",36,568.0000,800.0000,890.0000
34587,2,0,"TCS ",TCS,"2020-08-08 00:00:00.0",360,1568.0000,1850.8900,1900.0000
34588,3,0,"ITC LIMITED",ITC,"2020-08-08 00:00:00.0",36,568.0000,850.8900,900.0000
34589,4,0,CIPLA,CIPLA,"2020-08-08 00:00:00.0",100,568.0000,450.8900,430.0000
34590,5,0,APPLE-TEST,"TEST - APPLE","2020-08-08 00:00:00.0",1,100.0000,100.0000,130.0000
34591,6,0,APPLE,APPLE,"2020-08-08 00:00:00.0",1236,2568.0000,2000.0000,1900.0000
34592,1,0,"HCL Technologies",HCLTECH,"2020-08-08 00:00:00.0",36,568.0000,800.0000,890.0000
34593,2,0,"TCS ",TCS,"2020-08-08 00:00:00.0",360,1568.0000,1850.8900,1900.0000
34594,3,0,"ITC LIMITED",ITC,"2020-08-08 00:00:00.0",36,568.0000,850.8900,900.0000
34595,4,0,CIPLA,CIPLA,"2020-08-08 00:00:00.0",100,568.0000,450.8900,430.0000
34596,5,0,APPLE-TEST,"TEST - APPLE","2020-08-08 00:00:00.0",1,100.0000,100.0000,130.0000
34597,6,0,APPLE,APPLE,"2020-08-08 00:00:00.0",1236,2568.0000,2000.0000,1900.0000
34598,6,1,ERROR,ERROR,"2020-08-08 00:00:00.0",1236,2568.0000,2000.0000,1900.0000
34599,1,0,"HCL Technologies",HCLTECH,"2020-08-08 00:00:00.0",36,568.0000,800.0000,890.0000
34600,2,0,"TCS ",TCS,"2020-08-08 00:00:00.0",360,1568.0000,1850.8900,1900.0000
34601,3,0,"ITC LIMITED",ITC,"2020-08-08 00:00:00.0",36,568.0000,850.8900,900.0000
34602,4,0,CIPLA,CIPLA,"2020-08-08 00:00:00.0",100,568.0000,450.8900,430.0000
34603,5,0,APPLE-TEST,"TEST - APPLE","2020-08-08 00:00:00.0",1,100.0000,100.0000,130.0000
34604,6,0,APPLE,APPLE,"2020-08-08 00:00:00.0",1236,2568.0000,2000.0000,1900.0000
34605,1,0,"HCL Technologies",HCLTECH,"2020-08-08 00:00:00.0",36,568.0000,800.0000,890.0000
34606,2,0,"TCS ",TCS,"2020-08-08 00:00:00.0",360,1568.0000,1850.8900,1900.0000
34607,3,0,"ITC LIMITED",ITC,"2020-08-08 00:00:00.0",36,568.0000,850.8900,900.0000
34608,4,0,CIPLA,CIPLA,"2020-08-08 00:00:00.0",100,568.0000,450.8900,430.0000
34609,5,0,APPLE-TEST,"TEST - APPLE","2020-08-08 00:00:00.0",1,100.0000,100.0000,130.0000
34610,6,0,APPLE,APPLE,"2020-08-08 00:00:00.0",1236,2568.0000,2000.0000,1900.0000
34611,1,0,"HCL Technologies",HCLTECH,"2020-08-08 00:00:00.0",36,568.0000,800.0000,890.0000
34612,2,0,"TCS ",TCS,"2020-08-08 00:00:00.0",360,1568.0000,1850.8900,1900.0000
34613,3,0,"ITC LIMITED",ITC,"2020-08-08 00:00:00.0",36,568.0000,850.8900,900.0000
34614,4,0,CIPLA,CIPLA,"2020-08-08 00:00:00.0",100,568.0000,450.8900,430.0000
34615,5,0,APPLE-TEST,"TEST - APPLE","2020-08-08 00:00:00.0",1,100.0000,100.0000,130.0000
34616,6,0,APPLE,APPLE,"2020-08-08 00:00:00.0",1236,2568.0000,2000.0000,1900.0000
34617,1,0,"HCL Technologies",HCLTECH,"2020-08-08 00:00:00.0",36,568.0000,800.0000,890.0000
34618,2,0,"TCS ",TCS,"2020-08-08 00:00:00.0",360,1568.0000,1850.8900,1900.0000
34619,3,0,"ITC LIMITED",ITC,"2020-08-08 00:00:00.0",36,568.0000,850.8900,900.0000
34620,4,0,CIPLA,CIPLA,"2020-08-08 00:00:00.0",100,568.0000,450.8900,430.0000
34621,5,0,APPLE-TEST,"TEST - APPLE","2020-08-08 00:00:00.0",1,100.0000,100.0000,130.0000
34622,6,0,APPLE,APPLE,"2020-08-08 00:00:00.0",1236,2568.0000,2000.0000,1900.0000
34623,1,0,"HCL Technologies",HCLTECH,"2020-08-08 00:00:00.0",36,568.0000,800.0000,890.0000
34624,2,0,"TCS ",TCS,"2020-08-08 00:00:00.0",360,1568.0000,1850.8900,1900.0000
34625,3,0,"ITC LIMITED",ITC,"2020-08-08 00:00:00.0",36,568.0000,850.8900,900.0000
34626,4,0,CIPLA,CIPLA,"2020-08-08 00:00:00.0",100,568.0000,450.8900,430.0000
34627,5,0,APPLE-TEST,"TEST - APPLE","2020-08-08 00:00:00.0",1,100.0000,100.0000,130.0000
34628,6,0,APPLE,APPLE,"2020-08-08 00:00:00.0",1236,2568.0000,2000.0000,1900.0000
34629,1,0,"HCL Technologies",HCLTECH,"2020-08-08 00:00:00.0",36,568.0000,800.0000,890.0000
34630,2,0,"TCS ",TCS,"2020-08-08 00:00:00.0",360,1568.0000,1850.8900,1900.0000
34631,3,0,"ITC LIMITED",ITC,"2020-08-08 00:00:00.0",36,568.0000,850.8900,900.0000
34632,4,0,CIPLA,CIPLA,"2020-08-08 00:00:00.0",100,568.0000,450.8900,430.0000
34633,5,0,APPLE-TEST,"TEST - APPLE","2020-08-08 00:00:00.0",1,100.0000,100.0000,130.0000
34634,6,0,APPLE,APPLE,"2020-08-08 00:00:00.0",1236,2568.0000,2000.0000,1900.0000
34635,1,0,"HCL Technologies",HCLTECH,"2020-08-08 00:00:00.0",36,568.0000,800.0000,890.0000
34636,2,0,"TCS ",TCS,"2020-08-08 00:00:00.0",360,1568.0000,1850.8900,1900.0000
34637,3,0,"ITC LIMITED",ITC,"2020-08-08 00:00:00.0",36,568.0000,850.8900,900.0000
34638,4,0,CIPLA,CIPLA,"2020-08-08 00:00:00.0",100,568.0000,450.8900,430.0000
34639,5,0,APPLE-TEST,"TEST - APPLE","2020-08-08 00:00:00.0",1,100.0000,100.0000,130.0000
34640,6,0,APPLE,APPLE,"2020-08-08 00:00:00.0",1236,2568.0000,2000.0000,1900.0000
34641,1,0,"HCL Technologies",HCLTECH,"2020-08-08 00:00:00.0",36,568.0000,800.0000,890.0000
34642,2,0,"TCS ",TCS,"2020-08-08 00:00:00.0",360,1568.0000,1850.8900,1900.0000
34643,3,0,"ITC LIMITED",ITC,"2020-08-08 00:00:00.0",36,568.0000,850.8900,900.0000
34644,4,0,CIPLA,CIPLA,"2020-08-08 00:00:00.0",100,568.0000,450.8900,430.0000
34645,5,0,APPLE-TEST,"TEST - APPLE","2020-08-08 00:00:00.0",1,100.0000,100.0000,130.0000
34646,6,0,APPLE,APPLE,"2020-08-08 00:00:00.0",1236,2568.0000,2000.0000,1900.0000
34647,1,0,"HCL Technologies",HCLTECH,"2020-08-08 00:00:00.0",36,568.0000,800.0000,890.0000
34648,2,0,"TCS ",TCS,"2020-08-08 00:00:00.0",360,1568.0000,1850.8900,1900.0000
34649,3,0,"ITC LIMITED",ITC,"2020-08-08 00:00:00.0",36,568.0000,850.8900,900.0000
34650,4,0,CIPLA,CIPLA,"2020-08-08 00:00:00.0",100,568.0000,450.8900,430.0000
34651,5,0,APPLE-TEST,"TEST - APPLE","2020-08-08 00:00:00.0",1,100.0000,100.0000,130.0000
34652,6,0,APPLE,APPLE,"2020-08-08 00:00:00.0",1236,2568.0000,2000.0000,1900.0000
34653,1,0,"HCL Technologies",HCLTECH,"2020-08-08 00:00:00.0",36,568.0000,800.0000,890.0000
34654,2,0,"TCS ",TCS,"2020-08-08 00:00:00.0",360,1568.0000,1850.8900,1900.0000
34655,3,0,"ITC LIMITED",ITC,"2020-08-08 00:00:00.0",36,568.0000,850.8900,900.0000
34656,4,0,CIPLA,CIPLA,"2020-08-08 00:00:00.0",100,568.0000,450.8900,430.0000
34657,5,0,APPLE-TEST,"TEST - APPLE","2020-08-08 00:00:00.0",1,100.0000,100.0000,130.0000
34658,6,0,APPLE,APPLE,"2020-08-08 00:00:00.0",1236,2568.0000,2000.0000,1900.0000
34659,1,0,"HCL Technologies",HCLTECH,"2020-08-08 00:00:00.0",36,568.0000,800.0000,890.0000
34660,2,0,"TCS ",TCS,"2020-08-08 00:00:00.0",360,1568.0000,1850.8900,1900.0000
34661,3,0,"ITC LIMITED",ITC,"2020-08-08 00:00:00.0",36,568.0000,850.8900,900.0000
34662,4,0,CIPLA,CIPLA,"2020-08-08 00:00:00.0",100,568.0000,450.8900,430.0000
34663,5,0,APPLE-TEST,"TEST - APPLE","2020-08-08 00:00:00.0",1,100.0000,100.0000,130.0000
34664,6,0,APPLE,APPLE,"2020-08-08 00:00:00.0",1236,2568.0000,2000.0000,1900.0000
34665,1,0,"HCL Technologies",HCLTECH,"2020-08-08 00:00:00.0",36,568.0000,800.0000,890.0000
34666,2,0,"TCS ",TCS,"2020-08-08 00:00:00.0",360,1568.0000,1850.8900,1900.0000
34667,3,0,"ITC LIMITED",ITC,"2020-08-08 00:00:00.0",36,568.0000,850.8900,900.0000
34668,4,0,CIPLA,CIPLA,"2020-08-08 00:00:00.0",100,568.0000,450.8900,430.0000
34669,5,0,APPLE-TEST,"TEST - APPLE","2020-08-08 00:00:00.0",1,100.0000,100.0000,130.0000
34670,6,0,APPLE,APPLE,"2020-08-08 00:00:00.0",1236,2568.0000,2000.0000,1900.0000
34671,1,0,"HCL Technologies",HCLTECH,"2020-08-08 00:00:00.0",36,568.0000,800.0000,890.0000
34672,2,0,"TCS ",TCS,"2020-08-08 00:00:00.0",360,1568.0000,1850.8900,1900.0000
34673,3,0,"ITC LIMITED",ITC,"2020-08-08 00:00:00.0",36,568.0000,850.8900,900.0000
34674,4,0,CIPLA,CIPLA,"2020-08-08 00:00:00.0",100,568.0000,450.8900,430.0000
34675,5,0,APPLE-TEST,"TEST - APPLE","2020-08-08 00:00:00.0",1,100.0000,100.0000,130.0000
34676,6,0,APPLE,APPLE,"2020-08-08 00:00:00.0",1236,2568.0000,2000.0000,1900.0000
34677,1,0,"HCL Technologies",HCLTECH,"2020-08-08 00:00:00.0",36,568.0000,800.0000,890.0000
34678,2,0,"TCS ",TCS,"2020-08-08 00:00:00.0",360,1568.0000,1850.8900,1900.0000
34679,3,0,"ITC LIMITED",ITC,"2020-08-08 00:00:00.0",36,568.0000,850.8900,900.0000
34680,4,0,CIPLA,CIPLA,"2020-08-08 00:00:00.0",100,568.0000,450.8900,430.0000
34681,5,0,APPLE-TEST,"TEST - APPLE","2020-08-08 00:00:00.0",1,100.0000,100.0000,130.0000
34682,6,0,APPLE,APPLE,"2020-08-08 00:00:00.0",1236,2568.0000,2000.0000,1900.0000
34683,1,0,"HCL Technologies",HCLTECH,"2020-08-08 00:00:00.0",36,568.0000,800.0000,890.0000
34684,2,0,"TCS ",TCS,"2020-08-08 00:00:00.0",360,1568.0000,1850.8900,1900.0000
34685,3,0,"ITC LIMITED",ITC,"2020-08-08 00:00:00.0",36,568.0000,850.8900,900.0000
34686,4,0,CIPLA,CIPLA,"2020-08-08 00:00:00.0",100,568.0000,450.8900,430.0000
34687,5,0,APPLE-TEST,"TEST - APPLE","2020-08-08 00:00:00.0",1,100.0000,100.0000,130.0000
34688,6,0,APPLE,APPLE,"2020-08-08 00:00:00.0",1236,2568.0000,2000.0000,1900.0000
34689,6,1,ERROR,ERROR,"2020-08-08 00:00:00.0",1236,2568.0000,2000.0000,1900.0000
34690,1,0,"HCL Technologies",HCLTECH,"2020-08-08 00:00:00.0",36,568.0000,800.0000,890.0000
34691,2,0,"TCS ",TCS,"2020-08-08 00:00:00.0",360,1568.0000,1850.8900,1900.0000
34692,3,0,"ITC LIMITED",ITC,"2020-08-08 00:00:00.0",36,568.0000,850.8900,900.0000
34693,4,0,CIPLA,CIPLA,"2020-08-08 00:00:00.0",100,568.0000,450.8900,430.0000
34694,5,0,APPLE-TEST,"TEST - APPLE","2020-08-08 00:00:00.0",1,100.0000,100.0000,130.0000
34695,6,0,APPLE,APPLE,"2020-08-08 00:00:00.0",1236,2568.0000,2000.0000,1900.0000
34696,1,0,"HCL Technologies",HCLTECH,"2020-08-08 00:00:00.0",36,568.0000,800.0000,890.0000
34697,2,0,"TCS ",TCS,"2020-08-08 00:00:00.0",360,1568.0000,1850.8900,1900.0000
34698,3,0,"ITC LIMITED",ITC,"2020-08-08 00:00:00.0",36,568.0000,850.8900,900.0000
34699,4,0,CIPLA,CIPLA,"2020-08-08 00:00:00.0",100,568.0000,450.8900,430.0000
34700,5,0,APPLE-TEST,"TEST - APPLE","2020-08-08 00:00:00.0",1,100.0000,100.0000,130.0000
34701,6,0,APPLE,APPLE,"2020-08-08 00:00:00.0",1236,2568.0000,2000.0000,1900.0000
34702,1,0,"HCL Technologies",HCLTECH,"2020-08-08 00:00:00.0",36,568.0000,800.0000,890.0000
34703,2,0,"TCS ",TCS,"2020-08-08 00:00:00.0",360,1568.0000,1850.8900,1900.0000
34704,3,0,"ITC LIMITED",ITC,"2020-08-08 00:00:00.0",36,568.0000,850.8900,900.0000
34705,4,0,CIPLA,CIPLA,"2020-08-08 00:00:00.0",100,568.0000,450.8900,430.0000
34706,5,0,APPLE-TEST,"TEST - APPLE","2020-08-08 00:00:00.0",1,100.0000,100.0000,130.0000
34707,6,0,APPLE,APPLE,"2020-08-08 00:00:00.0",1236,2568.0000,2000.0000,1900.0000
34708,1,0,"HCL Technologies",HCLTECH,"2020-08-08 00:00:00.0",36,568.0000,800.0000,890.0000
34709,2,0,"TCS ",TCS,"2020-08-08 00:00:00.0",360,1568.0000,1850.8900,1900.0000
34710,3,0,"ITC LIMITED",ITC,"2020-08-08 00:00:00.0",36,568.0000,850.8900,900.0000
34711,4,0,CIPLA,CIPLA,"2020-08-08 00:00:00.0",100,568.0000,450.8900,430.0000
34712,5,0,APPLE-TEST,"TEST - APPLE","2020-08-08 00:00:00.0",1,100.0000,100.0000,130.0000
34713,6,0,APPLE,APPLE,"2020-08-08 00:00:00.0",1236,2568.0000,2000.0000,1900.0000
34714,1,0,"HCL Technologies",HCLTECH,"2020-08-08 00:00:00.0",36,568.0000,800.0000,890.0000
34715,2,0,"TCS ",TCS,"2020-08-08 00:00:00.0",360,1568.0000,1850.8900,1900.0000
34716,3,0,"ITC LIMITED",ITC,"2020-08-08 00:00:00.0",36,568.0000,850.8900,900.0000
34717,4,0,CIPLA,CIPLA,"2020-08-08 00:00:00.0",100,568.0000,450.8900,430.0000
34718,5,0,APPLE-TEST,"TEST - APPLE","2020-08-08 00:00:00.0",1,100.0000,100.0000,130.0000
34719,6,0,APPLE,APPLE,"2020-08-08 00:00:00.0",1236,2568.0000,2000.0000,1900.0000
34720,1,0,"HCL Technologies",HCLTECH,"2020-08-08 00:00:00.0",36,568.0000,800.0000,890.0000
34721,2,0,"TCS ",TCS,"2020-08-08 00:00:00.0",360,1568.0000,1850.8900,1900.0000
34722,3,0,"ITC LIMITED",ITC,"2020-08-08 00:00:00.0",36,568.0000,850.8900,900.0000
34723,4,0,CIPLA,CIPLA,"2020-08-08 00:00:00.0",100,568.0000,450.8900,430.0000
34724,5,0,APPLE-TEST,"TEST - APPLE","2020-08-08 00:00:00.0",1,100.0000,100.0000,130.0000
34725,6,0,APPLE,APPLE,"2020-08-08 00:00:00.0",1236,2568.0000,2000.0000,1900.0000
34726,1,0,"HCL Technologies",HCLTECH,"2020-08-08 00:00:00.0",36,568.0000,800.0000,890.0000
34727,2,0,"TCS ",TCS,"2020-08-08 00:00:00.0",360,1568.0000,1850.8900,1900.0000
34728,3,0,"ITC LIMITED",ITC,"2020-08-08 00:00:00.0",36,568.0000,850.8900,900.0000
34729,4,0,CIPLA,CIPLA,"2020-08-08 00:00:00.0",100,568.0000,450.8900,430.0000
34730,5,0,APPLE-TEST,"TEST - APPLE","2020-08-08 00:00:00.0",1,100.0000,100.0000,130.0000
34731,6,0,APPLE,APPLE,"2020-08-08 00:00:00.0",1236,2568.0000,2000.0000,1900.0000
34732,1,0,"HCL Technologies",HCLTECH,"2020-08-08 00:00:00.0",36,568.0000,800.0000,890.0000
34733,2,0,"TCS ",TCS,"2020-08-08 00:00:00.0",360,1568.0000,1850.8900,1900.0000
34734,3,0,"ITC LIMITED",ITC,"2020-08-08 00:00:00.0",36,568.0000,850.8900,900.0000
34735,4,0,CIPLA,CIPLA,"2020-08-08 00:00:00.0",100,568.0000,450.8900,430.0000
34736,5,0,APPLE-TEST,"TEST - APPLE","2020-08-08 00:00:00.0",1,100.0000,100.0000,130.0000
34737,6,0,APPLE,APPLE,"2020-08-08 00:00:00.0",1236,2568.0000,2000.0000,1900.0000
34738,1,0,"HCL Technologies",HCLTECH,"2020-08-08 00:00:00.0",36,568.0000,800.0000,890.0000
34739,2,0,"TCS ",TCS,"2020-08-08 00:00:00.0",360,1568.0000,1850.8900,1900.0000
34740,3,0,"ITC LIMITED",ITC,"2020-08-08 00:00:00.0",36,568.0000,850.8900,900.0000
34741,4,0,CIPLA,CIPLA,"2020-08-08 00:00:00.0",100,568.0000,450.8900,430.0000
34742,5,0,APPLE-TEST,"TEST - APPLE","2020-08-08 00:00:00.0",1,100.0000,100.0000,130.0000
34743,6,0,APPLE,APPLE,"2020-08-08 00:00:00.0",1236,2568.0000,2000.0000,1900.0000
34744,1,0,"HCL Technologies",HCLTECH,"2020-08-08 00:00:00.0",36,568.0000,800.0000,890.0000
34745,2,0,"TCS ",TCS,"2020-08-08 00:00:00.0",360,1568.0000,1850.8900,1900.0000
34746,3,0,"ITC LIMITED",ITC,"2020-08-08 00:00:00.0",36,568.0000,850.8900,900.0000
34747,4,0,CIPLA,CIPLA,"2020-08-08 00:00:00.0",100,568.0000,450.8900,430.0000
34748,5,0,APPLE-TEST,"TEST - APPLE","2020-08-08 00:00:00.0",1,100.0000,100.0000,130.0000
34749,6,0,APPLE,APPLE,"2020-08-08 00:00:00.0",1236,2568.0000,2000.0000,1900.0000
34750,1,0,"HCL Technologies",HCLTECH,"2020-08-08 00:00:00.0",36,568.0000,800.0000,890.0000
34751,2,0,"TCS ",TCS,"2020-08-08 00:00:00.0",360,1568.0000,1850.8900,1900.0000
34752,3,0,"ITC LIMITED",ITC,"2020-08-08 00:00:00.0",36,568.0000,850.8900,900.0000
34753,4,0,CIPLA,CIPLA,"2020-08-08 00:00:00.0",100,568.0000,450.8900,430.0000
34754,5,0,APPLE-TEST,"TEST - APPLE","2020-08-08 00:00:00.0",1,100.0000,100.0000,130.0000
34755,6,0,APPLE,APPLE,"2020-08-08 00:00:00.0",1236,2568.0000,2000.0000,1900.0000
34756,1,0,"HCL Technologies",HCLTECH,"2020-08-08 00:00:00.0",36,568.0000,800.0000,890.0000
34757,2,0,"TCS ",TCS,"2020-08-08 00:00:00.0",360,1568.0000,1850.8900,1900.0000
34758,3,0,"ITC LIMITED",ITC,"2020-08-08 00:00:00.0",36,568.0000,850.8900,900.0000
34759,4,0,CIPLA,CIPLA,"2020-08-08 00:00:00.0",100,568.0000,450.8900,430.0000
34760,5,0,APPLE-TEST,"TEST - APPLE","2020-08-08 00:00:00.0",1,100.0000,100.0000,130.0000
34761,6,0,APPLE,APPLE,"2020-08-08 00:00:00.0",1236,2568.0000,2000.0000,1900.0000
34762,1,0,"HCL Technologies",HCLTECH,"2020-08-08 00:00:00.0",36,568.0000,800.0000,890.0000
34763,2,0,"TCS ",TCS,"2020-08-08 00:00:00.0",360,1568.0000,1850.8900,1900.0000
34764,3,0,"ITC LIMITED",ITC,"2020-08-08 00:00:00.0",36,568.0000,850.8900,900.0000
34765,4,0,CIPLA,CIPLA,"2020-08-08 00:00:00.0",100,568.0000,450.8900,430.0000
34766,5,0,APPLE-TEST,"TEST - APPLE","2020-08-08 00:00:00.0",1,100.0000,100.0000,130.0000
34767,6,0,APPLE,APPLE,"2020-08-08 00:00:00.0",1236,2568.0000,2000.0000,1900.0000
34768,1,0,"HCL Technologies",HCLTECH,"2020-08-08 00:00:00.0",36,568.0000,800.0000,890.0000
34769,2,0,"TCS ",TCS,"2020-08-08 00:00:00.0",360,1568.0000,1850.8900,1900.0000
34770,3,0,"ITC LIMITED",ITC,"2020-08-08 00:00:00.0",36,568.0000,850.8900,900.0000
34771,4,0,CIPLA,CIPLA,"2020-08-08 00:00:00.0",100,568.0000,450.8900,430.0000
34772,5,0,APPLE-TEST,"TEST - APPLE","2020-08-08 00:00:00.0",1,100.0000,100.0000,130.0000
34773,6,0,APPLE,APPLE,"2020-08-08 00:00:00.0",1236,2568.0000,2000.0000,1900.0000
34774,1,0,"HCL Technologies",HCLTECH,"2020-08-08 00:00:00.0",36,568.0000,800.0000,890.0000
34775,2,0,"TCS ",TCS,"2020-08-08 00:00:00.0",360,1568.0000,1850.8900,1900.0000
34776,3,0,"ITC LIMITED",ITC,"2020-08-08 00:00:00.0",36,568.0000,850.8900,900.0000
34777,4,0,CIPLA,CIPLA,"2020-08-08 00:00:00.0",100,568.0000,450.8900,430.0000
34778,5,0,APPLE-TEST,"TEST - APPLE","2020-08-08 00:00:00.0",1,100.0000,100.0000,130.0000
34779,6,0,APPLE,APPLE,"2020-08-08 00:00:00.0",1236,2568.0000,2000.0000,1900.0000
34780,6,1,ERROR,ERROR,"2020-08-08 00:00:00.0",1236,2568.0000,2000.0000,1900.0000
34781,1,0,"HCL Technologies",HCLTECH,"2020-08-08 00:00:00.0",36,568.0000,800.0000,890.0000
34782,2,0,"TCS ",TCS,"2020-08-08 00:00:00.0",360,1568.0000,1850.8900,1900.0000
34783,3,0,"ITC LIMITED",ITC,"2020-08-08 00:00:00.0",36,568.0000,850.8900,900.0000
34784,4,0,CIPLA,CIPLA,"2020-08-08 00:00:00.0",100,568.0000,450.8900,430.0000
34785,5,0,APPLE-TEST,"TEST - APPLE","2020-08-08 00:00:00.0",1,100.0000,100.0000,130.0000
34786,6,0,APPLE,APPLE,"2020-08-08 00:00:00.0",1236,2568.0000,2000.0000,1900.0000
34787,1,0,"HCL Technologies",HCLTECH,"2020-08-08 00:00:00.0",36,568.0000,800.0000,890.0000
34788,2,0,"TCS ",TCS,"2020-08-08 00:00:00.0",360,1568.0000,1850.8900,1900.0000
34789,3,0,"ITC LIMITED",ITC,"2020-08-08 00:00:00.0",36,568.0000,850.8900,900.0000
34790,4,0,CIPLA,CIPLA,"2020-08-08 00:00:00.0",100,568.0000,450.8900,430.0000
34791,5,0,APPLE-TEST,"TEST - APPLE","2020-08-08 00:00:00.0",1,100.0000,100.0000,130.0000
34792,6,0,APPLE,APPLE,"2020-08-08 00:00:00.0",1236,2568.0000,2000.0000,1900.0000
34793,1,0,"HCL Technologies",HCLTECH,"2020-08-08 00:00:00.0",36,568.0000,800.0000,890.0000
34794,2,0,"TCS ",TCS,"2020-08-08 00:00:00.0",360,1568.0000,1850.8900,1900.0000
34795,3,0,"ITC LIMITED",ITC,"2020-08-08 00:00:00.0",36,568.0000,850.8900,900.0000
34796,4,0,CIPLA,CIPLA,"2020-08-08 00:00:00.0",100,568.0000,450.8900,430.0000
34797,5,0,APPLE-TEST,"TEST - APPLE","2020-08-08 00:00:00.0",1,100.0000,100.0000,130.0000
34798,6,0,APPLE,APPLE,"2020-08-08 00:00:00.0",1236,2568.0000,2000.0000,1900.0000
34799,1,0,"HCL Technologies",HCLTECH,"2020-08-08 00:00:00.0",36,568.0000,800.0000,890.0000
34800,2,0,"TCS ",TCS,"2020-08-08 00:00:00.0",360,1568.0000,1850.8900,1900.0000
34801,3,0,"ITC LIMITED",ITC,"2020-08-08 00:00:00.0",36,568.0000,850.8900,900.0000
34802,4,0,CIPLA,CIPLA,"2020-08-08 00:00:00.0",100,568.0000,450.8900,430.0000
34803,5,0,APPLE-TEST,"TEST - APPLE","2020-08-08 00:00:00.0",1,100.0000,100.0000,130.0000
34804,6,0,APPLE,APPLE,"2020-08-08 00:00:00.0",1236,2568.0000,2000.0000,1900.0000
34805,1,0,"HCL Technologies",HCLTECH,"2020-08-08 00:00:00.0",36,568.0000,800.0000,890.0000
34806,2,0,"TCS ",TCS,"2020-08-08 00:00:00.0",360,1568.0000,1850.8900,1900.0000
34807,3,0,"ITC LIMITED",ITC,"2020-08-08 00:00:00.0",36,568.0000,850.8900,900.0000
34808,4,0,CIPLA,CIPLA,"2020-08-08 00:00:00.0",100,568.0000,450.8900,430.0000
34809,5,0,APPLE-TEST,"TEST - APPLE","2020-08-08 00:00:00.0",1,100.0000,100.0000,130.0000
34810,6,0,APPLE,APPLE,"2020-08-08 00:00:00.0",1236,2568.0000,2000.0000,1900.0000
34811,1,0,"HCL Technologies",HCLTECH,"2020-08-08 00:00:00.0",36,568.0000,800.0000,890.0000
34812,2,0,"TCS ",TCS,"2020-08-08 00:00:00.0",360,1568.0000,1850.8900,1900.0000
34813,3,0,"ITC LIMITED",ITC,"2020-08-08 00:00:00.0",36,568.0000,850.8900,900.0000
34814,4,0,CIPLA,CIPLA,"2020-08-08 00:00:00.0",100,568.0000,450.8900,430.0000
34815,5,0,APPLE-TEST,"TEST - APPLE","2020-08-08 00:00:00.0",1,100.0000,100.0000,130.0000
34816,6,0,APPLE,APPLE,"2020-08-08 00:00:00.0",1236,2568.0000,2000.0000,1900.0000
34817,1,0,"HCL Technologies",HCLTECH,"2020-08-08 00:00:00.0",36,568.0000,800.0000,890.0000
34818,2,0,"TCS ",TCS,"2020-08-08 00:00:00.0",360,1568.0000,1850.8900,1900.0000
34819,3,0,"ITC LIMITED",ITC,"2020-08-08 00:00:00.0",36,568.0000,850.8900,900.0000
34820,4,0,CIPLA,CIPLA,"2020-08-08 00:00:00.0",100,568.0000,450.8900,430.0000
34821,5,0,APPLE-TEST,"TEST - APPLE","2020-08-08 00:00:00.0",1,100.0000,100.0000,130.0000
34822,6,0,APPLE,APPLE,"2020-08-08 00:00:00.0",1236,2568.0000,2000.0000,1900.0000
34823,1,0,"HCL Technologies",HCLTECH,"2020-08-08 00:00:00.0",36,568.0000,800.0000,890.0000
34824,2,0,"TCS ",TCS,"2020-08-08 00:00:00.0",360,1568.0000,1850.8900,1900.0000
34825,3,0,"ITC LIMITED",ITC,"2020-08-08 00:00:00.0",36,568.0000,850.8900,900.0000
34826,4,0,CIPLA,CIPLA,"2020-08-08 00:00:00.0",100,568.0000,450.8900,430.0000
34827,5,0,APPLE-TEST,"TEST - APPLE","2020-08-08 00:00:00.0",1,100.0000,100.0000,130.0000
34828,6,0,APPLE,APPLE,"2020-08-08 00:00:00.0",1236,2568.0000,2000.0000,1900.0000
34829,1,0,"HCL Technologies",HCLTECH,"2020-08-08 00:00:00.0",36,568.0000,800.0000,890.0000
34830,2,0,"TCS ",TCS,"2020-08-08 00:00:00.0",360,1568.0000,1850.8900,1900.0000
34831,3,0,"ITC LIMITED",ITC,"2020-08-08 00:00:00.0",36,568.0000,850.8900,900.0000
34832,4,0,CIPLA,CIPLA,"2020-08-08 00:00:00.0",100,568.0000,450.8900,430.0000
34833,5,0,APPLE-TEST,"TEST - APPLE","2020-08-08 00:00:00.0",1,100.0000,100.0000,130.0000
34834,6,0,APPLE,APPLE,"2020-08-08 00:00:00.0",1236,2568.0000,2000.0000,1900.0000
34835,1,0,"HCL Technologies",HCLTECH,"2020-08-08 00:00:00.0",36,568.0000,800.0000,890.0000
34836,2,0,"TCS ",TCS,"2020-08-08 00:00:00.0",360,1568.0000,1850.8900,1900.0000
34837,3,0,"ITC LIMITED",ITC,"2020-08-08 00:00:00.0",36,568.0000,850.8900,900.0000
34838,4,0,CIPLA,CIPLA,"2020-08-08 00:00:00.0",100,568.0000,450.8900,430.0000
34839,5,0,APPLE-TEST,"TEST - APPLE","2020-08-08 00:00:00.0",1,100.0000,100.0000,130.0000
34840,6,0,APPLE,APPLE,"2020-08-08 00:00:00.0",1236,2568.0000,2000.0000,1900.0000
34841,1,0,"HCL Technologies",HCLTECH,"2020-08-08 00:00:00.0",36,568.0000,800.0000,890.0000
34842,2,0,"TCS ",TCS,"2020-08-08 00:00:00.0",360,1568.0000,1850.8900,1900.0000
34843,3,0,"ITC LIMITED",ITC,"2020-08-08 00:00:00.0",36,568.0000,850.8900,900.0000
34844,4,0,CIPLA,CIPLA,"2020-08-08 00:00:00.0",100,568.0000,450.8900,430.0000
34845,5,0,APPLE-TEST,"TEST - APPLE","2020-08-08 00:00:00.0",1,100.0000,100.0000,130.0000
34846,6,0,APPLE,APPLE,"2020-08-08 00:00:00.0",1236,2568.0000,2000.0000,1900.0000
34847,1,0,"HCL Technologies",HCLTECH,"2020-08-08 00:00:00.0",36,568.0000,800.0000,890.0000
34848,2,0,"TCS ",TCS,"2020-08-08 00:00:00.0",360,1568.0000,1850.8900,1900.0000
34849,3,0,"ITC LIMITED",ITC,"2020-08-08 00:00:00.0",36,568.0000,850.8900,900.0000
34850,4,0,CIPLA,CIPLA,"2020-08-08 00:00:00.0",100,568.0000,450.8900,430.0000
34851,5,0,APPLE-TEST,"TEST - APPLE","2020-08-08 00:00:00.0",1,100.0000,100.0000,130.0000
34852,6,0,APPLE,APPLE,"2020-08-08 00:00:00.0",1236,2568.0000,2000.0000,1900.0000
34853,1,0,"HCL Technologies",HCLTECH,"2020-08-08 00:00:00.0",36,568.0000,800.0000,890.0000
34854,2,0,"TCS ",TCS,"2020-08-08 00:00:00.0",360,1568.0000,1850.8900,1900.0000
34855,3,0,"ITC LIMITED",ITC,"2020-08-08 00:00:00.0",36,568.0000,850.8900,900.0000
34856,4,0,CIPLA,CIPLA,"2020-08-08 00:00:00.0",100,568.0000,450.8900,430.0000
34857,5,0,APPLE-TEST,"TEST - APPLE","2020-08-08 00:00:00.0",1,100.0000,100.0000,130.0000
34858,6,0,APPLE,APPLE,"2020-08-08 00:00:00.0",1236,2568.0000,2000.0000,1900.0000
34859,1,0,"HCL Technologies",HCLTECH,"2020-08-08 00:00:00.0",36,568.0000,800.0000,890.0000
34860,2,0,"TCS ",TCS,"2020-08-08 00:00:00.0",360,1568.0000,1850.8900,1900.0000
34861,3,0,"ITC LIMITED",ITC,"2020-08-08 00:00:00.0",36,568.0000,850.8900,900.0000
34862,4,0,CIPLA,CIPLA,"2020-08-08 00:00:00.0",100,568.0000,450.8900,430.0000
34863,5,0,APPLE-TEST,"TEST - APPLE","2020-08-08 00:00:00.0",1,100.0000,100.0000,130.0000
34864,6,0,APPLE,APPLE,"2020-08-08 00:00:00.0",1236,2568.0000,2000.0000,1900.0000
34865,1,0,"HCL Technologies",HCLTECH,"2020-08-08 00:00:00.0",36,568.0000,800.0000,890.0000
34866,2,0,"TCS ",TCS,"2020-08-08 00:00:00.0",360,1568.0000,1850.8900,1900.0000
34867,3,0,"ITC LIMITED",ITC,"2020-08-08 00:00:00.0",36,568.0000,850.8900,900.0000
34868,4,0,CIPLA,CIPLA,"2020-08-08 00:00:00.0",100,568.0000,450.8900,430.0000
34869,5,0,APPLE-TEST,"TEST - APPLE","2020-08-08 00:00:00.0",1,100.0000,100.0000,130.0000
34870,6,0,APPLE,APPLE,"2020-08-08 00:00:00.0",1236,2568.0000,2000.0000,1900.0000
34871,6,1,ERROR,ERROR,"2020-08-08 00:00:00.0",1236,2568.0000,2000.0000,1900.0000
34872,1,0,"HCL Technologies",HCLTECH,"2020-08-08 00:00:00.0",36,568.0000,800.0000,890.0000
34873,2,0,"TCS ",TCS,"2020-08-08 00:00:00.0",360,1568.0000,1850.8900,1900.0000
34874,3,0,"ITC LIMITED",ITC,"2020-08-08 00:00:00.0",36,568.0000,850.8900,900.0000
34875,4,0,CIPLA,CIPLA,"2020-08-08 00:00:00.0",100,568.0000,450.8900,430.0000
34876,5,0,APPLE-TEST,"TEST - APPLE","2020-08-08 00:00:00.0",1,100.0000,100.0000,130.0000
34877,6,0,APPLE,APPLE,"2020-08-08 00:00:00.0",1236,2568.0000,2000.0000,1900.0000
34878,1,0,"HCL Technologies",HCLTECH,"2020-08-08 00:00:00.0",36,568.0000,800.0000,890.0000
34879,2,0,"TCS ",TCS,"2020-08-08 00:00:00.0",360,1568.0000,1850.8900,1900.0000
34880,3,0,"ITC LIMITED",ITC,"2020-08-08 00:00:00.0",36,568.0000,850.8900,900.0000
34881,4,0,CIPLA,CIPLA,"2020-08-08 00:00:00.0",100,568.0000,450.8900,430.0000
34882,5,0,APPLE-TEST,"TEST - APPLE","2020-08-08 00:00:00.0",1,100.0000,100.0000,130.0000
34883,6,0,APPLE,APPLE,"2020-08-08 00:00:00.0",1236,2568.0000,2000.0000,1900.0000
34884,1,0,"HCL Technologies",HCLTECH,"2020-08-08 00:00:00.0",36,568.0000,800.0000,890.0000
34885,2,0,"TCS ",TCS,"2020-08-08 00:00:00.0",360,1568.0000,1850.8900,1900.0000
34886,3,0,"ITC LIMITED",ITC,"2020-08-08 00:00:00.0",36,568.0000,850.8900,900.0000
34887,4,0,CIPLA,CIPLA,"2020-08-08 00:00:00.0",100,568.0000,450.8900,430.0000
34888,5,0,APPLE-TEST,"TEST - APPLE","2020-08-08 00:00:00.0",1,100.0000,100.0000,130.0000
34889,6,0,APPLE,APPLE,"2020-08-08 00:00:00.0",1236,2568.0000,2000.0000,1900.0000
34890,1,0,"HCL Technologies",HCLTECH,"2020-08-08 00:00:00.0",36,568.0000,800.0000,890.0000
34891,2,0,"TCS ",TCS,"2020-08-08 00:00:00.0",360,1568.0000,1850.8900,1900.0000
34892,3,0,"ITC LIMITED",ITC,"2020-08-08 00:00:00.0",36,568.0000,850.8900,900.0000
34893,4,0,CIPLA,CIPLA,"2020-08-08 00:00:00.0",100,568.0000,450.8900,430.0000
34894,5,0,APPLE-TEST,"TEST - APPLE","2020-08-08 00:00:00.0",1,100.0000,100.0000,130.0000
34895,6,0,APPLE,APPLE,"2020-08-08 00:00:00.0",1236,2568.0000,2000.0000,1900.0000
34896,1,0,"HCL Technologies",HCLTECH,"2020-08-08 00:00:00.0",36,568.0000,800.0000,890.0000
34897,2,0,"TCS ",TCS,"2020-08-08 00:00:00.0",360,1568.0000,1850.8900,1900.0000
34898,3,0,"ITC LIMITED",ITC,"2020-08-08 00:00:00.0",36,568.0000,850.8900,900.0000
34899,4,0,CIPLA,CIPLA,"2020-08-08 00:00:00.0",100,568.0000,450.8900,430.0000
34900,5,0,APPLE-TEST,"TEST - APPLE","2020-08-08 00:00:00.0",1,100.0000,100.0000,130.0000
34901,6,0,APPLE,APPLE,"2020-08-08 00:00:00.0",1236,2568.0000,2000.0000,1900.0000
34902,1,0,"HCL Technologies",HCLTECH,"2020-08-08 00:00:00.0",36,568.0000,800.0000,890.0000
34903,2,0,"TCS ",TCS,"2020-08-08 00:00:00.0",360,1568.0000,1850.8900,1900.0000
34904,3,0,"ITC LIMITED",ITC,"2020-08-08 00:00:00.0",36,568.0000,850.8900,900.0000
34905,4,0,CIPLA,CIPLA,"2020-08-08 00:00:00.0",100,568.0000,450.8900,430.0000
34906,5,0,APPLE-TEST,"TEST - APPLE","2020-08-08 00:00:00.0",1,100.0000,100.0000,130.0000
34907,6,0,APPLE,APPLE,"2020-08-08 00:00:00.0",1236,2568.0000,2000.0000,1900.0000
34908,1,0,"HCL Technologies",HCLTECH,"2020-08-08 00:00:00.0",36,568.0000,800.0000,890.0000
34909,2,0,"TCS ",TCS,"2020-08-08 00:00:00.0",360,1568.0000,1850.8900,1900.0000
34910,3,0,"ITC LIMITED",ITC,"2020-08-08 00:00:00.0",36,568.0000,850.8900,900.0000
34911,4,0,CIPLA,CIPLA,"2020-08-08 00:00:00.0",100,568.0000,450.8900,430.0000
34912,5,0,APPLE-TEST,"TEST - APPLE","2020-08-08 00:00:00.0",1,100.0000,100.0000,130.0000
34913,6,0,APPLE,APPLE,"2020-08-08 00:00:00.0",1236,2568.0000,2000.0000,1900.0000
34914,1,0,"HCL Technologies",HCLTECH,"2020-08-08 00:00:00.0",36,568.0000,800.0000,890.0000
34915,2,0,"TCS ",TCS,"2020-08-08 00:00:00.0",360,1568.0000,1850.8900,1900.0000
34916,3,0,"ITC LIMITED",ITC,"2020-08-08 00:00:00.0",36,568.0000,850.8900,900.0000
34917,4,0,CIPLA,CIPLA,"2020-08-08 00:00:00.0",100,568.0000,450.8900,430.0000
34918,5,0,APPLE-TEST,"TEST - APPLE","2020-08-08 00:00:00.0",1,100.0000,100.0000,130.0000
34919,6,0,APPLE,APPLE,"2020-08-08 00:00:00.0",1236,2568.0000,2000.0000,1900.0000
34920,1,0,"HCL Technologies",HCLTECH,"2020-08-08 00:00:00.0",36,568.0000,800.0000,890.0000
34921,2,0,"TCS ",TCS,"2020-08-08 00:00:00.0",360,1568.0000,1850.8900,1900.0000
34922,3,0,"ITC LIMITED",ITC,"2020-08-08 00:00:00.0",36,568.0000,850.8900,900.0000
34923,4,0,CIPLA,CIPLA,"2020-08-08 00:00:00.0",100,568.0000,450.8900,430.0000
34924,5,0,APPLE-TEST,"TEST - APPLE","2020-08-08 00:00:00.0",1,100.0000,100.0000,130.0000
34925,6,0,APPLE,APPLE,"2020-08-08 00:00:00.0",1236,2568.0000,2000.0000,1900.0000
34926,1,0,"HCL Technologies",HCLTECH,"2020-08-08 00:00:00.0",36,568.0000,800.0000,890.0000
34927,2,0,"TCS ",TCS,"2020-08-08 00:00:00.0",360,1568.0000,1850.8900,1900.0000
34928,3,0,"ITC LIMITED",ITC,"2020-08-08 00:00:00.0",36,568.0000,850.8900,900.0000
34929,4,0,CIPLA,CIPLA,"2020-08-08 00:00:00.0",100,568.0000,450.8900,430.0000
34930,5,0,APPLE-TEST,"TEST - APPLE","2020-08-08 00:00:00.0",1,100.0000,100.0000,130.0000
34931,6,0,APPLE,APPLE,"2020-08-08 00:00:00.0",1236,2568.0000,2000.0000,1900.0000
34932,1,0,"HCL Technologies",HCLTECH,"2020-08-08 00:00:00.0",36,568.0000,800.0000,890.0000
34933,2,0,"TCS ",TCS,"2020-08-08 00:00:00.0",360,1568.0000,1850.8900,1900.0000
34934,3,0,"ITC LIMITED",ITC,"2020-08-08 00:00:00.0",36,568.0000,850.8900,900.0000
34935,4,0,CIPLA,CIPLA,"2020-08-08 00:00:00.0",100,568.0000,450.8900,430.0000
34936,5,0,APPLE-TEST,"TEST - APPLE","2020-08-08 00:00:00.0",1,100.0000,100.0000,130.0000
34937,6,0,APPLE,APPLE,"2020-08-08 00:00:00.0",1236,2568.0000,2000.0000,1900.0000
34938,1,0,"HCL Technologies",HCLTECH,"2020-08-08 00:00:00.0",36,568.0000,800.0000,890.0000
34939,2,0,"TCS ",TCS,"2020-08-08 00:00:00.0",360,1568.0000,1850.8900,1900.0000
34940,3,0,"ITC LIMITED",ITC,"2020-08-08 00:00:00.0",36,568.0000,850.8900,900.0000
34941,4,0,CIPLA,CIPLA,"2020-08-08 00:00:00.0",100,568.0000,450.8900,430.0000
34942,5,0,APPLE-TEST,"TEST - APPLE","2020-08-08 00:00:00.0",1,100.0000,100.0000,130.0000
34943,6,0,APPLE,APPLE,"2020-08-08 00:00:00.0",1236,2568.0000,2000.0000,1900.0000
34944,1,0,"HCL Technologies",HCLTECH,"2020-08-08 00:00:00.0",36,568.0000,800.0000,890.0000
34945,2,0,"TCS ",TCS,"2020-08-08 00:00:00.0",360,1568.0000,1850.8900,1900.0000
34946,3,0,"ITC LIMITED",ITC,"2020-08-08 00:00:00.0",36,568.0000,850.8900,900.0000
34947,4,0,CIPLA,CIPLA,"2020-08-08 00:00:00.0",100,568.0000,450.8900,430.0000
34948,5,0,APPLE-TEST,"TEST - APPLE","2020-08-08 00:00:00.0",1,100.0000,100.0000,130.0000
34949,6,0,APPLE,APPLE,"2020-08-08 00:00:00.0",1236,2568.0000,2000.0000,1900.0000
34950,1,0,"HCL Technologies",HCLTECH,"2020-08-08 00:00:00.0",36,568.0000,800.0000,890.0000
34951,2,0,"TCS ",TCS,"2020-08-08 00:00:00.0",360,1568.0000,1850.8900,1900.0000
34952,3,0,"ITC LIMITED",ITC,"2020-08-08 00:00:00.0",36,568.0000,850.8900,900.0000
34953,4,0,CIPLA,CIPLA,"2020-08-08 00:00:00.0",100,568.0000,450.8900,430.0000
34954,5,0,APPLE-TEST,"TEST - APPLE","2020-08-08 00:00:00.0",1,100.0000,100.0000,130.0000
34955,6,0,APPLE,APPLE,"2020-08-08 00:00:00.0",1236,2568.0000,2000.0000,1900.0000
34956,1,0,"HCL Technologies",HCLTECH,"2020-08-08 00:00:00.0",36,568.0000,800.0000,890.0000
34957,2,0,"TCS ",TCS,"2020-08-08 00:00:00.0",360,1568.0000,1850.8900,1900.0000
34958,3,0,"ITC LIMITED",ITC,"2020-08-08 00:00:00.0",36,568.0000,850.8900,900.0000
34959,4,0,CIPLA,CIPLA,"2020-08-08 00:00:00.0",100,568.0000,450.8900,430.0000
34960,5,0,APPLE-TEST,"TEST - APPLE","2020-08-08 00:00:00.0",1,100.0000,100.0000,130.0000
34961,6,0,APPLE,APPLE,"2020-08-08 00:00:00.0",1236,2568.0000,2000.0000,1900.0000
34962,6,1,ERROR,ERROR,"2020-08-08 00:00:00.0",1236,2568.0000,2000.0000,1900.0000
34963,1,0,"HCL Technologies",HCLTECH,"2020-08-08 00:00:00.0",36,568.0000,800.0000,890.0000
34964,2,0,"TCS ",TCS,"2020-08-08 00:00:00.0",360,1568.0000,1850.8900,1900.0000
34965,3,0,"ITC LIMITED",ITC,"2020-08-08 00:00:00.0",36,568.0000,850.8900,900.0000
34966,4,0,CIPLA,CIPLA,"2020-08-08 00:00:00.0",100,568.0000,450.8900,430.0000
34967,5,0,APPLE-TEST,"TEST - APPLE","2020-08-08 00:00:00.0",1,100.0000,100.0000,130.0000
34968,6,0,APPLE,APPLE,"2020-08-08 00:00:00.0",1236,2568.0000,2000.0000,1900.0000
34969,1,0,"HCL Technologies",HCLTECH,"2020-08-08 00:00:00.0",36,568.0000,800.0000,890.0000
34970,2,0,"TCS ",TCS,"2020-08-08 00:00:00.0",360,1568.0000,1850.8900,1900.0000
34971,3,0,"ITC LIMITED",ITC,"2020-08-08 00:00:00.0",36,568.0000,850.8900,900.0000
34972,4,0,CIPLA,CIPLA,"2020-08-08 00:00:00.0",100,568.0000,450.8900,430.0000
34973,5,0,APPLE-TEST,"TEST - APPLE","2020-08-08 00:00:00.0",1,100.0000,100.0000,130.0000
34974,6,0,APPLE,APPLE,"2020-08-08 00:00:00.0",1236,2568.0000,2000.0000,1900.0000
34975,1,0,"HCL Technologies",HCLTECH,"2020-08-08 00:00:00.0",36,568.0000,800.0000,890.0000
34976,2,0,"TCS ",TCS,"2020-08-08 00:00:00.0",360,1568.0000,1850.8900,1900.0000
34977,3,0,"ITC LIMITED",ITC,"2020-08-08 00:00:00.0",36,568.0000,850.8900,900.0000
34978,4,0,CIPLA,CIPLA,"2020-08-08 00:00:00.0",100,568.0000,450.8900,430.0000
34979,5,0,APPLE-TEST,"TEST - APPLE","2020-08-08 00:00:00.0",1,100.0000,100.0000,130.0000
34980,6,0,APPLE,APPLE,"2020-08-08 00:00:00.0",1236,2568.0000,2000.0000,1900.0000
34981,1,0,"HCL Technologies",HCLTECH,"2020-08-08 00:00:00.0",36,568.0000,800.0000,890.0000
34982,2,0,"TCS ",TCS,"2020-08-08 00:00:00.0",360,1568.0000,1850.8900,1900.0000
34983,3,0,"ITC LIMITED",ITC,"2020-08-08 00:00:00.0",36,568.0000,850.8900,900.0000
34984,4,0,CIPLA,CIPLA,"2020-08-08 00:00:00.0",100,568.0000,450.8900,430.0000
34985,5,0,APPLE-TEST,"TEST - APPLE","2020-08-08 00:00:00.0",1,100.0000,100.0000,130.0000
34986,6,0,APPLE,APPLE,"2020-08-08 00:00:00.0",1236,2568.0000,2000.0000,1900.0000
34987,1,0,"HCL Technologies",HCLTECH,"2020-08-08 00:00:00.0",36,568.0000,800.0000,890.0000
34988,2,0,"TCS ",TCS,"2020-08-08 00:00:00.0",360,1568.0000,1850.8900,1900.0000
34989,3,0,"ITC LIMITED",ITC,"2020-08-08 00:00:00.0",36,568.0000,850.8900,900.0000
34990,4,0,CIPLA,CIPLA,"2020-08-08 00:00:00.0",100,568.0000,450.8900,430.0000
34991,5,0,APPLE-TEST,"TEST - APPLE","2020-08-08 00:00:00.0",1,100.0000,100.0000,130.0000
34992,6,0,APPLE,APPLE,"2020-08-08 00:00:00.0",1236,2568.0000,2000.0000,1900.0000
34993,1,0,"HCL Technologies",HCLTECH,"2020-08-08 00:00:00.0",36,568.0000,800.0000,890.0000
34994,2,0,"TCS ",TCS,"2020-08-08 00:00:00.0",360,1568.0000,1850.8900,1900.0000
34995,3,0,"ITC LIMITED",ITC,"2020-08-08 00:00:00.0",36,568.0000,850.8900,900.0000
34996,4,0,CIPLA,CIPLA,"2020-08-08 00:00:00.0",100,568.0000,450.8900,430.0000
34997,5,0,APPLE-TEST,"TEST - APPLE","2020-08-08 00:00:00.0",1,100.0000,100.0000,130.0000
34998,6,0,APPLE,APPLE,"2020-08-08 00:00:00.0",1236,2568.0000,2000.0000,1900.0000
34999,1,0,"HCL Technologies",HCLTECH,"2020-08-08 00:00:00.0",36,568.0000,800.0000,890.0000
35000,2,0,"TCS ",TCS,"2020-08-08 00:00:00.0",360,1568.0000,1850.8900,1900.0000
35001,3,0,"ITC LIMITED",ITC,"2020-08-08 00:00:00.0",36,568.0000,850.8900,900.0000
35002,4,0,CIPLA,CIPLA,"2020-08-08 00:00:00.0",100,568.0000,450.8900,430.0000
35003,5,0,APPLE-TEST,"TEST - APPLE","2020-08-08 00:00:00.0",1,100.0000,100.0000,130.0000
35004,6,0,APPLE,APPLE,"2020-08-08 00:00:00.0",1236,2568.0000,2000.0000,1900.0000
35005,1,0,"HCL Technologies",HCLTECH,"2020-08-08 00:00:00.0",36,568.0000,800.0000,890.0000
35006,2,0,"TCS ",TCS,"2020-08-08 00:00:00.0",360,1568.0000,1850.8900,1900.0000
35007,3,0,"ITC LIMITED",ITC,"2020-08-08 00:00:00.0",36,568.0000,850.8900,900.0000
35008,4,0,CIPLA,CIPLA,"2020-08-08 00:00:00.0",100,568.0000,450.8900,430.0000
35009,5,0,APPLE-TEST,"TEST - APPLE","2020-08-08 00:00:00.0",1,100.0000,100.0000,130.0000
35010,6,0,APPLE,APPLE,"2020-08-08 00:00:00.0",1236,2568.0000,2000.0000,1900.0000
35011,1,0,"HCL Technologies",HCLTECH,"2020-08-08 00:00:00.0",36,568.0000,800.0000,890.0000
35012,2,0,"TCS ",TCS,"2020-08-08 00:00:00.0",360,1568.0000,1850.8900,1900.0000
35013,3,0,"ITC LIMITED",ITC,"2020-08-08 00:00:00.0",36,568.0000,850.8900,900.0000
35014,4,0,CIPLA,CIPLA,"2020-08-08 00:00:00.0",100,568.0000,450.8900,430.0000
35015,5,0,APPLE-TEST,"TEST - APPLE","2020-08-08 00:00:00.0",1,100.0000,100.0000,130.0000
35016,6,0,APPLE,APPLE,"2020-08-08 00:00:00.0",1236,2568.0000,2000.0000,1900.0000
35017,1,0,"HCL Technologies",HCLTECH,"2020-08-08 00:00:00.0",36,568.0000,800.0000,890.0000
35018,2,0,"TCS ",TCS,"2020-08-08 00:00:00.0",360,1568.0000,1850.8900,1900.0000
35019,3,0,"ITC LIMITED",ITC,"2020-08-08 00:00:00.0",36,568.0000,850.8900,900.0000
35020,4,0,CIPLA,CIPLA,"2020-08-08 00:00:00.0",100,568.0000,450.8900,430.0000
35021,5,0,APPLE-TEST,"TEST - APPLE","2020-08-08 00:00:00.0",1,100.0000,100.0000,130.0000
35022,6,0,APPLE,APPLE,"2020-08-08 00:00:00.0",1236,2568.0000,2000.0000,1900.0000
35023,1,0,"HCL Technologies",HCLTECH,"2020-08-08 00:00:00.0",36,568.0000,800.0000,890.0000
35024,2,0,"TCS ",TCS,"2020-08-08 00:00:00.0",360,1568.0000,1850.8900,1900.0000
35025,3,0,"ITC LIMITED",ITC,"2020-08-08 00:00:00.0",36,568.0000,850.8900,900.0000
35026,4,0,CIPLA,CIPLA,"2020-08-08 00:00:00.0",100,568.0000,450.8900,430.0000
35027,5,0,APPLE-TEST,"TEST - APPLE","2020-08-08 00:00:00.0",1,100.0000,100.0000,130.0000
35028,6,0,APPLE,APPLE,"2020-08-08 00:00:00.0",1236,2568.0000,2000.0000,1900.0000
35029,1,0,"HCL Technologies",HCLTECH,"2020-08-08 00:00:00.0",36,568.0000,800.0000,890.0000
35030,2,0,"TCS ",TCS,"2020-08-08 00:00:00.0",360,1568.0000,1850.8900,1900.0000
35031,3,0,"ITC LIMITED",ITC,"2020-08-08 00:00:00.0",36,568.0000,850.8900,900.0000
35032,4,0,CIPLA,CIPLA,"2020-08-08 00:00:00.0",100,568.0000,450.8900,430.0000
35033,5,0,APPLE-TEST,"TEST - APPLE","2020-08-08 00:00:00.0",1,100.0000,100.0000,130.0000
35034,6,0,APPLE,APPLE,"2020-08-08 00:00:00.0",1236,2568.0000,2000.0000,1900.0000
35035,1,0,"HCL Technologies",HCLTECH,"2020-08-08 00:00:00.0",36,568.0000,800.0000,890.0000
35036,2,0,"TCS ",TCS,"2020-08-08 00:00:00.0",360,1568.0000,1850.8900,1900.0000
35037,3,0,"ITC LIMITED",ITC,"2020-08-08 00:00:00.0",36,568.0000,850.8900,900.0000
35038,4,0,CIPLA,CIPLA,"2020-08-08 00:00:00.0",100,568.0000,450.8900,430.0000
35039,5,0,APPLE-TEST,"TEST - APPLE","2020-08-08 00:00:00.0",1,100.0000,100.0000,130.0000
35040,6,0,APPLE,APPLE,"2020-08-08 00:00:00.0",1236,2568.0000,2000.0000,1900.0000
35041,1,0,"HCL Technologies",HCLTECH,"2020-08-08 00:00:00.0",36,568.0000,800.0000,890.0000
35042,2,0,"TCS ",TCS,"2020-08-08 00:00:00.0",360,1568.0000,1850.8900,1900.0000
35043,3,0,"ITC LIMITED",ITC,"2020-08-08 00:00:00.0",36,568.0000,850.8900,900.0000
35044,4,0,CIPLA,CIPLA,"2020-08-08 00:00:00.0",100,568.0000,450.8900,430.0000
35045,5,0,APPLE-TEST,"TEST - APPLE","2020-08-08 00:00:00.0",1,100.0000,100.0000,130.0000
35046,6,0,APPLE,APPLE,"2020-08-08 00:00:00.0",1236,2568.0000,2000.0000,1900.0000
35047,1,0,"HCL Technologies",HCLTECH,"2020-08-08 00:00:00.0",36,568.0000,800.0000,890.0000
35048,2,0,"TCS ",TCS,"2020-08-08 00:00:00.0",360,1568.0000,1850.8900,1900.0000
35049,3,0,"ITC LIMITED",ITC,"2020-08-08 00:00:00.0",36,568.0000,850.8900,900.0000
35050,4,0,CIPLA,CIPLA,"2020-08-08 00:00:00.0",100,568.0000,450.8900,430.0000
35051,5,0,APPLE-TEST,"TEST - APPLE","2020-08-08 00:00:00.0",1,100.0000,100.0000,130.0000
35052,6,0,APPLE,APPLE,"2020-08-08 00:00:00.0",1236,2568.0000,2000.0000,1900.0000
35053,6,1,ERROR,ERROR,"2020-08-08 00:00:00.0",1236,2568.0000,2000.0000,1900.0000
35054,1,0,"HCL Technologies",HCLTECH,"2020-08-08 00:00:00.0",36,568.0000,800.0000,890.0000
35055,2,0,"TCS ",TCS,"2020-08-08 00:00:00.0",360,1568.0000,1850.8900,1900.0000
35056,3,0,"ITC LIMITED",ITC,"2020-08-08 00:00:00.0",36,568.0000,850.8900,900.0000
35057,4,0,CIPLA,CIPLA,"2020-08-08 00:00:00.0",100,568.0000,450.8900,430.0000
35058,5,0,APPLE-TEST,"TEST - APPLE","2020-08-08 00:00:00.0",1,100.0000,100.0000,130.0000
35059,6,0,APPLE,APPLE,"2020-08-08 00:00:00.0",1236,2568.0000,2000.0000,1900.0000
35060,1,0,"HCL Technologies",HCLTECH,"2020-08-08 00:00:00.0",36,568.0000,800.0000,890.0000
35061,2,0,"TCS ",TCS,"2020-08-08 00:00:00.0",360,1568.0000,1850.8900,1900.0000
35062,3,0,"ITC LIMITED",ITC,"2020-08-08 00:00:00.0",36,568.0000,850.8900,900.0000
35063,4,0,CIPLA,CIPLA,"2020-08-08 00:00:00.0",100,568.0000,450.8900,430.0000
35064,5,0,APPLE-TEST,"TEST - APPLE","2020-08-08 00:00:00.0",1,100.0000,100.0000,130.0000
35065,6,0,APPLE,APPLE,"2020-08-08 00:00:00.0",1236,2568.0000,2000.0000,1900.0000
35066,1,0,"HCL Technologies",HCLTECH,"2020-08-08 00:00:00.0",36,568.0000,800.0000,890.0000
35067,2,0,"TCS ",TCS,"2020-08-08 00:00:00.0",360,1568.0000,1850.8900,1900.0000
35068,3,0,"ITC LIMITED",ITC,"2020-08-08 00:00:00.0",36,568.0000,850.8900,900.0000
35069,4,0,CIPLA,CIPLA,"2020-08-08 00:00:00.0",100,568.0000,450.8900,430.0000
35070,5,0,APPLE-TEST,"TEST - APPLE","2020-08-08 00:00:00.0",1,100.0000,100.0000,130.0000
35071,6,0,APPLE,APPLE,"2020-08-08 00:00:00.0",1236,2568.0000,2000.0000,1900.0000
35072,1,0,"HCL Technologies",HCLTECH,"2020-08-08 00:00:00.0",36,568.0000,800.0000,890.0000
35073,2,0,"TCS ",TCS,"2020-08-08 00:00:00.0",360,1568.0000,1850.8900,1900.0000
35074,3,0,"ITC LIMITED",ITC,"2020-08-08 00:00:00.0",36,568.0000,850.8900,900.0000
35075,4,0,CIPLA,CIPLA,"2020-08-08 00:00:00.0",100,568.0000,450.8900,430.0000
35076,5,0,APPLE-TEST,"TEST - APPLE","2020-08-08 00:00:00.0",1,100.0000,100.0000,130.0000
35077,6,0,APPLE,APPLE,"2020-08-08 00:00:00.0",1236,2568.0000,2000.0000,1900.0000
35078,1,0,"HCL Technologies",HCLTECH,"2020-08-08 00:00:00.0",36,568.0000,800.0000,890.0000
35079,2,0,"TCS ",TCS,"2020-08-08 00:00:00.0",360,1568.0000,1850.8900,1900.0000
35080,3,0,"ITC LIMITED",ITC,"2020-08-08 00:00:00.0",36,568.0000,850.8900,900.0000
35081,4,0,CIPLA,CIPLA,"2020-08-08 00:00:00.0",100,568.0000,450.8900,430.0000
35082,5,0,APPLE-TEST,"TEST - APPLE","2020-08-08 00:00:00.0",1,100.0000,100.0000,130.0000
35083,6,0,APPLE,APPLE,"2020-08-08 00:00:00.0",1236,2568.0000,2000.0000,1900.0000
35084,1,0,"HCL Technologies",HCLTECH,"2020-08-08 00:00:00.0",36,568.0000,800.0000,890.0000
35085,2,0,"TCS ",TCS,"2020-08-08 00:00:00.0",360,1568.0000,1850.8900,1900.0000
35086,3,0,"ITC LIMITED",ITC,"2020-08-08 00:00:00.0",36,568.0000,850.8900,900.0000
35087,4,0,CIPLA,CIPLA,"2020-08-08 00:00:00.0",100,568.0000,450.8900,430.0000
35088,5,0,APPLE-TEST,"TEST - APPLE","2020-08-08 00:00:00.0",1,100.0000,100.0000,130.0000
35089,6,0,APPLE,APPLE,"2020-08-08 00:00:00.0",1236,2568.0000,2000.0000,1900.0000
35090,1,0,"HCL Technologies",HCLTECH,"2020-08-08 00:00:00.0",36,568.0000,800.0000,890.0000
35091,2,0,"TCS ",TCS,"2020-08-08 00:00:00.0",360,1568.0000,1850.8900,1900.0000
35092,3,0,"ITC LIMITED",ITC,"2020-08-08 00:00:00.0",36,568.0000,850.8900,900.0000
35093,4,0,CIPLA,CIPLA,"2020-08-08 00:00:00.0",100,568.0000,450.8900,430.0000
35094,5,0,APPLE-TEST,"TEST - APPLE","2020-08-08 00:00:00.0",1,100.0000,100.0000,130.0000
35095,6,0,APPLE,APPLE,"2020-08-08 00:00:00.0",1236,2568.0000,2000.0000,1900.0000
35096,1,0,"HCL Technologies",HCLTECH,"2020-08-08 00:00:00.0",36,568.0000,800.0000,890.0000
35097,2,0,"TCS ",TCS,"2020-08-08 00:00:00.0",360,1568.0000,1850.8900,1900.0000
35098,3,0,"ITC LIMITED",ITC,"2020-08-08 00:00:00.0",36,568.0000,850.8900,900.0000
35099,4,0,CIPLA,CIPLA,"2020-08-08 00:00:00.0",100,568.0000,450.8900,430.0000
35100,5,0,APPLE-TEST,"TEST - APPLE","2020-08-08 00:00:00.0",1,100.0000,100.0000,130.0000
35101,6,0,APPLE,APPLE,"2020-08-08 00:00:00.0",1236,2568.0000,2000.0000,1900.0000
35102,1,0,"HCL Technologies",HCLTECH,"2020-08-08 00:00:00.0",36,568.0000,800.0000,890.0000
35103,2,0,"TCS ",TCS,"2020-08-08 00:00:00.0",360,1568.0000,1850.8900,1900.0000
35104,3,0,"ITC LIMITED",ITC,"2020-08-08 00:00:00.0",36,568.0000,850.8900,900.0000
35105,4,0,CIPLA,CIPLA,"2020-08-08 00:00:00.0",100,568.0000,450.8900,430.0000
35106,5,0,APPLE-TEST,"TEST - APPLE","2020-08-08 00:00:00.0",1,100.0000,100.0000,130.0000
35107,6,0,APPLE,APPLE,"2020-08-08 00:00:00.0",1236,2568.0000,2000.0000,1900.0000
35108,1,0,"HCL Technologies",HCLTECH,"2020-08-08 00:00:00.0",36,568.0000,800.0000,890.0000
35109,2,0,"TCS ",TCS,"2020-08-08 00:00:00.0",360,1568.0000,1850.8900,1900.0000
35110,3,0,"ITC LIMITED",ITC,"2020-08-08 00:00:00.0",36,568.0000,850.8900,900.0000
35111,4,0,CIPLA,CIPLA,"2020-08-08 00:00:00.0",100,568.0000,450.8900,430.0000
35112,5,0,APPLE-TEST,"TEST - APPLE","2020-08-08 00:00:00.0",1,100.0000,100.0000,130.0000
35113,6,0,APPLE,APPLE,"2020-08-08 00:00:00.0",1236,2568.0000,2000.0000,1900.0000
35114,1,0,"HCL Technologies",HCLTECH,"2020-08-08 00:00:00.0",36,568.0000,800.0000,890.0000
35115,2,0,"TCS ",TCS,"2020-08-08 00:00:00.0",360,1568.0000,1850.8900,1900.0000
35116,3,0,"ITC LIMITED",ITC,"2020-08-08 00:00:00.0",36,568.0000,850.8900,900.0000
35117,4,0,CIPLA,CIPLA,"2020-08-08 00:00:00.0",100,568.0000,450.8900,430.0000
35118,5,0,APPLE-TEST,"TEST - APPLE","2020-08-08 00:00:00.0",1,100.0000,100.0000,130.0000
35119,6,0,APPLE,APPLE,"2020-08-08 00:00:00.0",1236,2568.0000,2000.0000,1900.0000
35120,1,0,"HCL Technologies",HCLTECH,"2020-08-08 00:00:00.0",36,568.0000,800.0000,890.0000
35121,2,0,"TCS ",TCS,"2020-08-08 00:00:00.0",360,1568.0000,1850.8900,1900.0000
35122,3,0,"ITC LIMITED",ITC,"2020-08-08 00:00:00.0",36,568.0000,850.8900,900.0000
35123,4,0,CIPLA,CIPLA,"2020-08-08 00:00:00.0",100,568.0000,450.8900,430.0000
35124,5,0,APPLE-TEST,"TEST - APPLE","2020-08-08 00:00:00.0",1,100.0000,100.0000,130.0000
35125,6,0,APPLE,APPLE,"2020-08-08 00:00:00.0",1236,2568.0000,2000.0000,1900.0000
35126,1,0,"HCL Technologies",HCLTECH,"2020-08-08 00:00:00.0",36,568.0000,800.0000,890.0000
35127,2,0,"TCS ",TCS,"2020-08-08 00:00:00.0",360,1568.0000,1850.8900,1900.0000
35128,3,0,"ITC LIMITED",ITC,"2020-08-08 00:00:00.0",36,568.0000,850.8900,900.0000
35129,4,0,CIPLA,CIPLA,"2020-08-08 00:00:00.0",100,568.0000,450.8900,430.0000
35130,5,0,APPLE-TEST,"TEST - APPLE","2020-08-08 00:00:00.0",1,100.0000,100.0000,130.0000
35131,6,0,APPLE,APPLE,"2020-08-08 00:00:00.0",1236,2568.0000,2000.0000,1900.0000
35132,1,0,"HCL Technologies",HCLTECH,"2020-08-08 00:00:00.0",36,568.0000,800.0000,890.0000
35133,2,0,"TCS ",TCS,"2020-08-08 00:00:00.0",360,1568.0000,1850.8900,1900.0000
35134,3,0,"ITC LIMITED",ITC,"2020-08-08 00:00:00.0",36,568.0000,850.8900,900.0000
35135,4,0,CIPLA,CIPLA,"2020-08-08 00:00:00.0",100,568.0000,450.8900,430.0000
35136,5,0,APPLE-TEST,"TEST - APPLE","2020-08-08 00:00:00.0",1,100.0000,100.0000,130.0000
35137,6,0,APPLE,APPLE,"2020-08-08 00:00:00.0",1236,2568.0000,2000.0000,1900.0000
35138,1,0,"HCL Technologies",HCLTECH,"2020-08-08 00:00:00.0",36,568.0000,800.0000,890.0000
35139,2,0,"TCS ",TCS,"2020-08-08 00:00:00.0",360,1568.0000,1850.8900,1900.0000
35140,3,0,"ITC LIMITED",ITC,"2020-08-08 00:00:00.0",36,568.0000,850.8900,900.0000
35141,4,0,CIPLA,CIPLA,"2020-08-08 00:00:00.0",100,568.0000,450.8900,430.0000
35142,5,0,APPLE-TEST,"TEST - APPLE","2020-08-08 00:00:00.0",1,100.0000,100.0000,130.0000
35143,6,0,APPLE,APPLE,"2020-08-08 00:00:00.0",1236,2568.0000,2000.0000,1900.0000
35144,6,1,ERROR,ERROR,"2020-08-08 00:00:00.0",1236,2568.0000,2000.0000,1900.0000
35145,1,0,"HCL Technologies",HCLTECH,"2020-08-08 00:00:00.0",36,568.0000,800.0000,890.0000
35146,2,0,"TCS ",TCS,"2020-08-08 00:00:00.0",360,1568.0000,1850.8900,1900.0000
35147,3,0,"ITC LIMITED",ITC,"2020-08-08 00:00:00.0",36,568.0000,850.8900,900.0000
35148,4,0,CIPLA,CIPLA,"2020-08-08 00:00:00.0",100,568.0000,450.8900,430.0000
35149,5,0,APPLE-TEST,"TEST - APPLE","2020-08-08 00:00:00.0",1,100.0000,100.0000,130.0000
35150,6,0,APPLE,APPLE,"2020-08-08 00:00:00.0",1236,2568.0000,2000.0000,1900.0000
35151,1,0,"HCL Technologies",HCLTECH,"2020-08-08 00:00:00.0",36,568.0000,800.0000,890.0000
35152,2,0,"TCS ",TCS,"2020-08-08 00:00:00.0",360,1568.0000,1850.8900,1900.0000
35153,3,0,"ITC LIMITED",ITC,"2020-08-08 00:00:00.0",36,568.0000,850.8900,900.0000
35154,4,0,CIPLA,CIPLA,"2020-08-08 00:00:00.0",100,568.0000,450.8900,430.0000
35155,5,0,APPLE-TEST,"TEST - APPLE","2020-08-08 00:00:00.0",1,100.0000,100.0000,130.0000
35156,6,0,APPLE,APPLE,"2020-08-08 00:00:00.0",1236,2568.0000,2000.0000,1900.0000
35157,1,0,"HCL Technologies",HCLTECH,"2020-08-08 00:00:00.0",36,568.0000,800.0000,890.0000
35158,2,0,"TCS ",TCS,"2020-08-08 00:00:00.0",360,1568.0000,1850.8900,1900.0000
35159,3,0,"ITC LIMITED",ITC,"2020-08-08 00:00:00.0",36,568.0000,850.8900,900.0000
35160,4,0,CIPLA,CIPLA,"2020-08-08 00:00:00.0",100,568.0000,450.8900,430.0000
35161,5,0,APPLE-TEST,"TEST - APPLE","2020-08-08 00:00:00.0",1,100.0000,100.0000,130.0000
35162,6,0,APPLE,APPLE,"2020-08-08 00:00:00.0",1236,2568.0000,2000.0000,1900.0000
35163,1,0,"HCL Technologies",HCLTECH,"2020-08-08 00:00:00.0",36,568.0000,800.0000,890.0000
35164,2,0,"TCS ",TCS,"2020-08-08 00:00:00.0",360,1568.0000,1850.8900,1900.0000
35165,3,0,"ITC LIMITED",ITC,"2020-08-08 00:00:00.0",36,568.0000,850.8900,900.0000
35166,4,0,CIPLA,CIPLA,"2020-08-08 00:00:00.0",100,568.0000,450.8900,430.0000
35167,5,0,APPLE-TEST,"TEST - APPLE","2020-08-08 00:00:00.0",1,100.0000,100.0000,130.0000
35168,6,0,APPLE,APPLE,"2020-08-08 00:00:00.0",1236,2568.0000,2000.0000,1900.0000
35169,1,0,"HCL Technologies",HCLTECH,"2020-08-08 00:00:00.0",36,568.0000,800.0000,890.0000
35170,2,0,"TCS ",TCS,"2020-08-08 00:00:00.0",360,1568.0000,1850.8900,1900.0000
35171,3,0,"ITC LIMITED",ITC,"2020-08-08 00:00:00.0",36,568.0000,850.8900,900.0000
35172,4,0,CIPLA,CIPLA,"2020-08-08 00:00:00.0",100,568.0000,450.8900,430.0000
35173,5,0,APPLE-TEST,"TEST - APPLE","2020-08-08 00:00:00.0",1,100.0000,100.0000,130.0000
35174,6,0,APPLE,APPLE,"2020-08-08 00:00:00.0",1236,2568.0000,2000.0000,1900.0000
35175,1,0,"HCL Technologies",HCLTECH,"2020-08-08 00:00:00.0",36,568.0000,800.0000,890.0000
35176,2,0,"TCS ",TCS,"2020-08-08 00:00:00.0",360,1568.0000,1850.8900,1900.0000
35177,3,0,"ITC LIMITED",ITC,"2020-08-08 00:00:00.0",36,568.0000,850.8900,900.0000
35178,4,0,CIPLA,CIPLA,"2020-08-08 00:00:00.0",100,568.0000,450.8900,430.0000
35179,5,0,APPLE-TEST,"TEST - APPLE","2020-08-08 00:00:00.0",1,100.0000,100.0000,130.0000
35180,6,0,APPLE,APPLE,"2020-08-08 00:00:00.0",1236,2568.0000,2000.0000,1900.0000
35181,1,0,"HCL Technologies",HCLTECH,"2020-08-08 00:00:00.0",36,568.0000,800.0000,890.0000
35182,2,0,"TCS ",TCS,"2020-08-08 00:00:00.0",360,1568.0000,1850.8900,1900.0000
35183,3,0,"ITC LIMITED",ITC,"2020-08-08 00:00:00.0",36,568.0000,850.8900,900.0000
35184,4,0,CIPLA,CIPLA,"2020-08-08 00:00:00.0",100,568.0000,450.8900,430.0000
35185,5,0,APPLE-TEST,"TEST - APPLE","2020-08-08 00:00:00.0",1,100.0000,100.0000,130.0000
35186,6,0,APPLE,APPLE,"2020-08-08 00:00:00.0",1236,2568.0000,2000.0000,1900.0000
35187,1,0,"HCL Technologies",HCLTECH,"2020-08-08 00:00:00.0",36,568.0000,800.0000,890.0000
35188,2,0,"TCS ",TCS,"2020-08-08 00:00:00.0",360,1568.0000,1850.8900,1900.0000
35189,3,0,"ITC LIMITED",ITC,"2020-08-08 00:00:00.0",36,568.0000,850.8900,900.0000
35190,4,0,CIPLA,CIPLA,"2020-08-08 00:00:00.0",100,568.0000,450.8900,430.0000
35191,5,0,APPLE-TEST,"TEST - APPLE","2020-08-08 00:00:00.0",1,100.0000,100.0000,130.0000
35192,6,0,APPLE,APPLE,"2020-08-08 00:00:00.0",1236,2568.0000,2000.0000,1900.0000
35193,1,0,"HCL Technologies",HCLTECH,"2020-08-08 00:00:00.0",36,568.0000,800.0000,890.0000
35194,2,0,"TCS ",TCS,"2020-08-08 00:00:00.0",360,1568.0000,1850.8900,1900.0000
35195,3,0,"ITC LIMITED",ITC,"2020-08-08 00:00:00.0",36,568.0000,850.8900,900.0000
35196,4,0,CIPLA,CIPLA,"2020-08-08 00:00:00.0",100,568.0000,450.8900,430.0000
35197,5,0,APPLE-TEST,"TEST - APPLE","2020-08-08 00:00:00.0",1,100.0000,100.0000,130.0000
35198,6,0,APPLE,APPLE,"2020-08-08 00:00:00.0",1236,2568.0000,2000.0000,1900.0000
35199,1,0,"HCL Technologies",HCLTECH,"2020-08-08 00:00:00.0",36,568.0000,800.0000,890.0000
35200,2,0,"TCS ",TCS,"2020-08-08 00:00:00.0",360,1568.0000,1850.8900,1900.0000
35201,3,0,"ITC LIMITED",ITC,"2020-08-08 00:00:00.0",36,568.0000,850.8900,900.0000
35202,4,0,CIPLA,CIPLA,"2020-08-08 00:00:00.0",100,568.0000,450.8900,430.0000
35203,5,0,APPLE-TEST,"TEST - APPLE","2020-08-08 00:00:00.0",1,100.0000,100.0000,130.0000
35204,6,0,APPLE,APPLE,"2020-08-08 00:00:00.0",1236,2568.0000,2000.0000,1900.0000
35205,1,0,"HCL Technologies",HCLTECH,"2020-08-08 00:00:00.0",36,568.0000,800.0000,890.0000
35206,2,0,"TCS ",TCS,"2020-08-08 00:00:00.0",360,1568.0000,1850.8900,1900.0000
35207,3,0,"ITC LIMITED",ITC,"2020-08-08 00:00:00.0",36,568.0000,850.8900,900.0000
35208,4,0,CIPLA,CIPLA,"2020-08-08 00:00:00.0",100,568.0000,450.8900,430.0000
35209,5,0,APPLE-TEST,"TEST - APPLE","2020-08-08 00:00:00.0",1,100.0000,100.0000,130.0000
35210,6,0,APPLE,APPLE,"2020-08-08 00:00:00.0",1236,2568.0000,2000.0000,1900.0000
35211,1,0,"HCL Technologies",HCLTECH,"2020-08-08 00:00:00.0",36,568.0000,800.0000,890.0000
35212,2,0,"TCS ",TCS,"2020-08-08 00:00:00.0",360,1568.0000,1850.8900,1900.0000
35213,3,0,"ITC LIMITED",ITC,"2020-08-08 00:00:00.0",36,568.0000,850.8900,900.0000
35214,4,0,CIPLA,CIPLA,"2020-08-08 00:00:00.0",100,568.0000,450.8900,430.0000
35215,5,0,APPLE-TEST,"TEST - APPLE","2020-08-08 00:00:00.0",1,100.0000,100.0000,130.0000
35216,6,0,APPLE,APPLE,"2020-08-08 00:00:00.0",1236,2568.0000,2000.0000,1900.0000
35217,1,0,"HCL Technologies",HCLTECH,"2020-08-08 00:00:00.0",36,568.0000,800.0000,890.0000
35218,2,0,"TCS ",TCS,"2020-08-08 00:00:00.0",360,1568.0000,1850.8900,1900.0000
35219,3,0,"ITC LIMITED",ITC,"2020-08-08 00:00:00.0",36,568.0000,850.8900,900.0000
35220,4,0,CIPLA,CIPLA,"2020-08-08 00:00:00.0",100,568.0000,450.8900,430.0000
35221,5,0,APPLE-TEST,"TEST - APPLE","2020-08-08 00:00:00.0",1,100.0000,100.0000,130.0000
35222,6,0,APPLE,APPLE,"2020-08-08 00:00:00.0",1236,2568.0000,2000.0000,1900.0000
35223,1,0,"HCL Technologies",HCLTECH,"2020-08-08 00:00:00.0",36,568.0000,800.0000,890.0000
35224,2,0,"TCS ",TCS,"2020-08-08 00:00:00.0",360,1568.0000,1850.8900,1900.0000
35225,3,0,"ITC LIMITED",ITC,"2020-08-08 00:00:00.0",36,568.0000,850.8900,900.0000
35226,4,0,CIPLA,CIPLA,"2020-08-08 00:00:00.0",100,568.0000,450.8900,430.0000
35227,5,0,APPLE-TEST,"TEST - APPLE","2020-08-08 00:00:00.0",1,100.0000,100.0000,130.0000
35228,6,0,APPLE,APPLE,"2020-08-08 00:00:00.0",1236,2568.0000,2000.0000,1900.0000
35229,1,0,"HCL Technologies",HCLTECH,"2020-08-08 00:00:00.0",36,568.0000,800.0000,890.0000
35230,2,0,"TCS ",TCS,"2020-08-08 00:00:00.0",360,1568.0000,1850.8900,1900.0000
35231,3,0,"ITC LIMITED",ITC,"2020-08-08 00:00:00.0",36,568.0000,850.8900,900.0000
35232,4,0,CIPLA,CIPLA,"2020-08-08 00:00:00.0",100,568.0000,450.8900,430.0000
35233,5,0,APPLE-TEST,"TEST - APPLE","2020-08-08 00:00:00.0",1,100.0000,100.0000,130.0000
35234,6,0,APPLE,APPLE,"2020-08-08 00:00:00.0",1236,2568.0000,2000.0000,1900.0000
35235,6,1,ERROR,ERROR,"2020-08-08 00:00:00.0",1236,2568.0000,2000.0000,1900.0000
35236,1,0,"HCL Technologies",HCLTECH,"2020-08-08 00:00:00.0",36,568.0000,800.0000,890.0000
35237,2,0,"TCS ",TCS,"2020-08-08 00:00:00.0",360,1568.0000,1850.8900,1900.0000
35238,3,0,"ITC LIMITED",ITC,"2020-08-08 00:00:00.0",36,568.0000,850.8900,900.0000
35239,4,0,CIPLA,CIPLA,"2020-08-08 00:00:00.0",100,568.0000,450.8900,430.0000
35240,5,0,APPLE-TEST,"TEST - APPLE","2020-08-08 00:00:00.0",1,100.0000,100.0000,130.0000
35241,6,0,APPLE,APPLE,"2020-08-08 00:00:00.0",1236,2568.0000,2000.0000,1900.0000
35242,1,0,"HCL Technologies",HCLTECH,"2020-08-08 00:00:00.0",36,568.0000,800.0000,890.0000
35243,2,0,"TCS ",TCS,"2020-08-08 00:00:00.0",360,1568.0000,1850.8900,1900.0000
35244,3,0,"ITC LIMITED",ITC,"2020-08-08 00:00:00.0",36,568.0000,850.8900,900.0000
35245,4,0,CIPLA,CIPLA,"2020-08-08 00:00:00.0",100,568.0000,450.8900,430.0000
35246,5,0,APPLE-TEST,"TEST - APPLE","2020-08-08 00:00:00.0",1,100.0000,100.0000,130.0000
35247,6,0,APPLE,APPLE,"2020-08-08 00:00:00.0",1236,2568.0000,2000.0000,1900.0000
35248,1,0,"HCL Technologies",HCLTECH,"2020-08-08 00:00:00.0",36,568.0000,800.0000,890.0000
35249,2,0,"TCS ",TCS,"2020-08-08 00:00:00.0",360,1568.0000,1850.8900,1900.0000
35250,3,0,"ITC LIMITED",ITC,"2020-08-08 00:00:00.0",36,568.0000,850.8900,900.0000
35251,4,0,CIPLA,CIPLA,"2020-08-08 00:00:00.0",100,568.0000,450.8900,430.0000
35252,5,0,APPLE-TEST,"TEST - APPLE","2020-08-08 00:00:00.0",1,100.0000,100.0000,130.0000
35253,6,0,APPLE,APPLE,"2020-08-08 00:00:00.0",1236,2568.0000,2000.0000,1900.0000
35254,1,0,"HCL Technologies",HCLTECH,"2020-08-08 00:00:00.0",36,568.0000,800.0000,890.0000
35255,2,0,"TCS ",TCS,"2020-08-08 00:00:00.0",360,1568.0000,1850.8900,1900.0000
35256,3,0,"ITC LIMITED",ITC,"2020-08-08 00:00:00.0",36,568.0000,850.8900,900.0000
35257,4,0,CIPLA,CIPLA,"2020-08-08 00:00:00.0",100,568.0000,450.8900,430.0000
35258,5,0,APPLE-TEST,"TEST - APPLE","2020-08-08 00:00:00.0",1,100.0000,100.0000,130.0000
35259,6,0,APPLE,APPLE,"2020-08-08 00:00:00.0",1236,2568.0000,2000.0000,1900.0000
35260,1,0,"HCL Technologies",HCLTECH,"2020-08-08 00:00:00.0",36,568.0000,800.0000,890.0000
35261,2,0,"TCS ",TCS,"2020-08-08 00:00:00.0",360,1568.0000,1850.8900,1900.0000
35262,3,0,"ITC LIMITED",ITC,"2020-08-08 00:00:00.0",36,568.0000,850.8900,900.0000
35263,4,0,CIPLA,CIPLA,"2020-08-08 00:00:00.0",100,568.0000,450.8900,430.0000
35264,5,0,APPLE-TEST,"TEST - APPLE","2020-08-08 00:00:00.0",1,100.0000,100.0000,130.0000
35265,6,0,APPLE,APPLE,"2020-08-08 00:00:00.0",1236,2568.0000,2000.0000,1900.0000
35266,1,0,"HCL Technologies",HCLTECH,"2020-08-08 00:00:00.0",36,568.0000,800.0000,890.0000
35267,2,0,"TCS ",TCS,"2020-08-08 00:00:00.0",360,1568.0000,1850.8900,1900.0000
35268,3,0,"ITC LIMITED",ITC,"2020-08-08 00:00:00.0",36,568.0000,850.8900,900.0000
35269,4,0,CIPLA,CIPLA,"2020-08-08 00:00:00.0",100,568.0000,450.8900,430.0000
35270,5,0,APPLE-TEST,"TEST - APPLE","2020-08-08 00:00:00.0",1,100.0000,100.0000,130.0000
35271,6,0,APPLE,APPLE,"2020-08-08 00:00:00.0",1236,2568.0000,2000.0000,1900.0000
35272,1,0,"HCL Technologies",HCLTECH,"2020-08-08 00:00:00.0",36,568.0000,800.0000,890.0000
35273,2,0,"TCS ",TCS,"2020-08-08 00:00:00.0",360,1568.0000,1850.8900,1900.0000
35274,3,0,"ITC LIMITED",ITC,"2020-08-08 00:00:00.0",36,568.0000,850.8900,900.0000
35275,4,0,CIPLA,CIPLA,"2020-08-08 00:00:00.0",100,568.0000,450.8900,430.0000
35276,5,0,APPLE-TEST,"TEST - APPLE","2020-08-08 00:00:00.0",1,100.0000,100.0000,130.0000
35277,6,0,APPLE,APPLE,"2020-08-08 00:00:00.0",1236,2568.0000,2000.0000,1900.0000
35278,1,0,"HCL Technologies",HCLTECH,"2020-08-08 00:00:00.0",36,568.0000,800.0000,890.0000
35279,2,0,"TCS ",TCS,"2020-08-08 00:00:00.0",360,1568.0000,1850.8900,1900.0000
35280,3,0,"ITC LIMITED",ITC,"2020-08-08 00:00:00.0",36,568.0000,850.8900,900.0000
35281,4,0,CIPLA,CIPLA,"2020-08-08 00:00:00.0",100,568.0000,450.8900,430.0000
35282,5,0,APPLE-TEST,"TEST - APPLE","2020-08-08 00:00:00.0",1,100.0000,100.0000,130.0000
35283,6,0,APPLE,APPLE,"2020-08-08 00:00:00.0",1236,2568.0000,2000.0000,1900.0000
35284,1,0,"HCL Technologies",HCLTECH,"2020-08-08 00:00:00.0",36,568.0000,800.0000,890.0000
35285,2,0,"TCS ",TCS,"2020-08-08 00:00:00.0",360,1568.0000,1850.8900,1900.0000
35286,3,0,"ITC LIMITED",ITC,"2020-08-08 00:00:00.0",36,568.0000,850.8900,900.0000
35287,4,0,CIPLA,CIPLA,"2020-08-08 00:00:00.0",100,568.0000,450.8900,430.0000
35288,5,0,APPLE-TEST,"TEST - APPLE","2020-08-08 00:00:00.0",1,100.0000,100.0000,130.0000
35289,6,0,APPLE,APPLE,"2020-08-08 00:00:00.0",1236,2568.0000,2000.0000,1900.0000
35290,1,0,"HCL Technologies",HCLTECH,"2020-08-08 00:00:00.0",36,568.0000,800.0000,890.0000
35291,2,0,"TCS ",TCS,"2020-08-08 00:00:00.0",360,1568.0000,1850.8900,1900.0000
35292,3,0,"ITC LIMITED",ITC,"2020-08-08 00:00:00.0",36,568.0000,850.8900,900.0000
35293,4,0,CIPLA,CIPLA,"2020-08-08 00:00:00.0",100,568.0000,450.8900,430.0000
35294,5,0,APPLE-TEST,"TEST - APPLE","2020-08-08 00:00:00.0",1,100.0000,100.0000,130.0000
35295,6,0,APPLE,APPLE,"2020-08-08 00:00:00.0",1236,2568.0000,2000.0000,1900.0000
35296,1,0,"HCL Technologies",HCLTECH,"2020-08-08 00:00:00.0",36,568.0000,800.0000,890.0000
35297,2,0,"TCS ",TCS,"2020-08-08 00:00:00.0",360,1568.0000,1850.8900,1900.0000
35298,3,0,"ITC LIMITED",ITC,"2020-08-08 00:00:00.0",36,568.0000,850.8900,900.0000
35299,4,0,CIPLA,CIPLA,"2020-08-08 00:00:00.0",100,568.0000,450.8900,430.0000
35300,5,0,APPLE-TEST,"TEST - APPLE","2020-08-08 00:00:00.0",1,100.0000,100.0000,130.0000
35301,6,0,APPLE,APPLE,"2020-08-08 00:00:00.0",1236,2568.0000,2000.0000,1900.0000
35302,1,0,"HCL Technologies",HCLTECH,"2020-08-08 00:00:00.0",36,568.0000,800.0000,890.0000
35303,2,0,"TCS ",TCS,"2020-08-08 00:00:00.0",360,1568.0000,1850.8900,1900.0000
35304,3,0,"ITC LIMITED",ITC,"2020-08-08 00:00:00.0",36,568.0000,850.8900,900.0000
35305,4,0,CIPLA,CIPLA,"2020-08-08 00:00:00.0",100,568.0000,450.8900,430.0000
35306,5,0,APPLE-TEST,"TEST - APPLE","2020-08-08 00:00:00.0",1,100.0000,100.0000,130.0000
35307,6,0,APPLE,APPLE,"2020-08-08 00:00:00.0",1236,2568.0000,2000.0000,1900.0000
35308,1,0,"HCL Technologies",HCLTECH,"2020-08-08 00:00:00.0",36,568.0000,800.0000,890.0000
35309,2,0,"TCS ",TCS,"2020-08-08 00:00:00.0",360,1568.0000,1850.8900,1900.0000
35310,3,0,"ITC LIMITED",ITC,"2020-08-08 00:00:00.0",36,568.0000,850.8900,900.0000
35311,4,0,CIPLA,CIPLA,"2020-08-08 00:00:00.0",100,568.0000,450.8900,430.0000
35312,5,0,APPLE-TEST,"TEST - APPLE","2020-08-08 00:00:00.0",1,100.0000,100.0000,130.0000
35313,6,0,APPLE,APPLE,"2020-08-08 00:00:00.0",1236,2568.0000,2000.0000,1900.0000
35314,1,0,"HCL Technologies",HCLTECH,"2020-08-08 00:00:00.0",36,568.0000,800.0000,890.0000
35315,2,0,"TCS ",TCS,"2020-08-08 00:00:00.0",360,1568.0000,1850.8900,1900.0000
35316,3,0,"ITC LIMITED",ITC,"2020-08-08 00:00:00.0",36,568.0000,850.8900,900.0000
35317,4,0,CIPLA,CIPLA,"2020-08-08 00:00:00.0",100,568.0000,450.8900,430.0000
35318,5,0,APPLE-TEST,"TEST - APPLE","2020-08-08 00:00:00.0",1,100.0000,100.0000,130.0000
35319,6,0,APPLE,APPLE,"2020-08-08 00:00:00.0",1236,2568.0000,2000.0000,1900.0000
35320,1,0,"HCL Technologies",HCLTECH,"2020-08-08 00:00:00.0",36,568.0000,800.0000,890.0000
35321,2,0,"TCS ",TCS,"2020-08-08 00:00:00.0",360,1568.0000,1850.8900,1900.0000
35322,3,0,"ITC LIMITED",ITC,"2020-08-08 00:00:00.0",36,568.0000,850.8900,900.0000
35323,4,0,CIPLA,CIPLA,"2020-08-08 00:00:00.0",100,568.0000,450.8900,430.0000
35324,5,0,APPLE-TEST,"TEST - APPLE","2020-08-08 00:00:00.0",1,100.0000,100.0000,130.0000
35325,6,0,APPLE,APPLE,"2020-08-08 00:00:00.0",1236,2568.0000,2000.0000,1900.0000
35326,6,1,ERROR,ERROR,"2020-08-08 00:00:00.0",1236,2568.0000,2000.0000,1900.0000
35327,1,0,"HCL Technologies",HCLTECH,"2020-08-08 00:00:00.0",36,568.0000,800.0000,890.0000
35328,2,0,"TCS ",TCS,"2020-08-08 00:00:00.0",360,1568.0000,1850.8900,1900.0000
35329,3,0,"ITC LIMITED",ITC,"2020-08-08 00:00:00.0",36,568.0000,850.8900,900.0000
35330,4,0,CIPLA,CIPLA,"2020-08-08 00:00:00.0",100,568.0000,450.8900,430.0000
35331,5,0,APPLE-TEST,"TEST - APPLE","2020-08-08 00:00:00.0",1,100.0000,100.0000,130.0000
35332,6,0,APPLE,APPLE,"2020-08-08 00:00:00.0",1236,2568.0000,2000.0000,1900.0000
35333,1,0,"HCL Technologies",HCLTECH,"2020-08-08 00:00:00.0",36,568.0000,800.0000,890.0000
35334,2,0,"TCS ",TCS,"2020-08-08 00:00:00.0",360,1568.0000,1850.8900,1900.0000
35335,3,0,"ITC LIMITED",ITC,"2020-08-08 00:00:00.0",36,568.0000,850.8900,900.0000
35336,4,0,CIPLA,CIPLA,"2020-08-08 00:00:00.0",100,568.0000,450.8900,430.0000
35337,5,0,APPLE-TEST,"TEST - APPLE","2020-08-08 00:00:00.0",1,100.0000,100.0000,130.0000
35338,6,0,APPLE,APPLE,"2020-08-08 00:00:00.0",1236,2568.0000,2000.0000,1900.0000
35339,1,0,"HCL Technologies",HCLTECH,"2020-08-08 00:00:00.0",36,568.0000,800.0000,890.0000
35340,2,0,"TCS ",TCS,"2020-08-08 00:00:00.0",360,1568.0000,1850.8900,1900.0000
35341,3,0,"ITC LIMITED",ITC,"2020-08-08 00:00:00.0",36,568.0000,850.8900,900.0000
35342,4,0,CIPLA,CIPLA,"2020-08-08 00:00:00.0",100,568.0000,450.8900,430.0000
35343,5,0,APPLE-TEST,"TEST - APPLE","2020-08-08 00:00:00.0",1,100.0000,100.0000,130.0000
35344,6,0,APPLE,APPLE,"2020-08-08 00:00:00.0",1236,2568.0000,2000.0000,1900.0000
35345,1,0,"HCL Technologies",HCLTECH,"2020-08-08 00:00:00.0",36,568.0000,800.0000,890.0000
35346,2,0,"TCS ",TCS,"2020-08-08 00:00:00.0",360,1568.0000,1850.8900,1900.0000
35347,3,0,"ITC LIMITED",ITC,"2020-08-08 00:00:00.0",36,568.0000,850.8900,900.0000
35348,4,0,CIPLA,CIPLA,"2020-08-08 00:00:00.0",100,568.0000,450.8900,430.0000
35349,5,0,APPLE-TEST,"TEST - APPLE","2020-08-08 00:00:00.0",1,100.0000,100.0000,130.0000
35350,6,0,APPLE,APPLE,"2020-08-08 00:00:00.0",1236,2568.0000,2000.0000,1900.0000
35351,1,0,"HCL Technologies",HCLTECH,"2020-08-08 00:00:00.0",36,568.0000,800.0000,890.0000
35352,2,0,"TCS ",TCS,"2020-08-08 00:00:00.0",360,1568.0000,1850.8900,1900.0000
35353,3,0,"ITC LIMITED",ITC,"2020-08-08 00:00:00.0",36,568.0000,850.8900,900.0000
35354,4,0,CIPLA,CIPLA,"2020-08-08 00:00:00.0",100,568.0000,450.8900,430.0000
35355,5,0,APPLE-TEST,"TEST - APPLE","2020-08-08 00:00:00.0",1,100.0000,100.0000,130.0000
35356,6,0,APPLE,APPLE,"2020-08-08 00:00:00.0",1236,2568.0000,2000.0000,1900.0000
35357,1,0,"HCL Technologies",HCLTECH,"2020-08-08 00:00:00.0",36,568.0000,800.0000,890.0000
35358,2,0,"TCS ",TCS,"2020-08-08 00:00:00.0",360,1568.0000,1850.8900,1900.0000
35359,3,0,"ITC LIMITED",ITC,"2020-08-08 00:00:00.0",36,568.0000,850.8900,900.0000
35360,4,0,CIPLA,CIPLA,"2020-08-08 00:00:00.0",100,568.0000,450.8900,430.0000
35361,5,0,APPLE-TEST,"TEST - APPLE","2020-08-08 00:00:00.0",1,100.0000,100.0000,130.0000
35362,6,0,APPLE,APPLE,"2020-08-08 00:00:00.0",1236,2568.0000,2000.0000,1900.0000
35363,1,0,"HCL Technologies",HCLTECH,"2020-08-08 00:00:00.0",36,568.0000,800.0000,890.0000
35364,2,0,"TCS ",TCS,"2020-08-08 00:00:00.0",360,1568.0000,1850.8900,1900.0000
35365,3,0,"ITC LIMITED",ITC,"2020-08-08 00:00:00.0",36,568.0000,850.8900,900.0000
35366,4,0,CIPLA,CIPLA,"2020-08-08 00:00:00.0",100,568.0000,450.8900,430.0000
35367,5,0,APPLE-TEST,"TEST - APPLE","2020-08-08 00:00:00.0",1,100.0000,100.0000,130.0000
35368,6,0,APPLE,APPLE,"2020-08-08 00:00:00.0",1236,2568.0000,2000.0000,1900.0000
35369,1,0,"HCL Technologies",HCLTECH,"2020-08-08 00:00:00.0",36,568.0000,800.0000,890.0000
35370,2,0,"TCS ",TCS,"2020-08-08 00:00:00.0",360,1568.0000,1850.8900,1900.0000
35371,3,0,"ITC LIMITED",ITC,"2020-08-08 00:00:00.0",36,568.0000,850.8900,900.0000
35372,4,0,CIPLA,CIPLA,"2020-08-08 00:00:00.0",100,568.0000,450.8900,430.0000
35373,5,0,APPLE-TEST,"TEST - APPLE","2020-08-08 00:00:00.0",1,100.0000,100.0000,130.0000
35374,6,0,APPLE,APPLE,"2020-08-08 00:00:00.0",1236,2568.0000,2000.0000,1900.0000
35375,1,0,"HCL Technologies",HCLTECH,"2020-08-08 00:00:00.0",36,568.0000,800.0000,890.0000
35376,2,0,"TCS ",TCS,"2020-08-08 00:00:00.0",360,1568.0000,1850.8900,1900.0000
35377,3,0,"ITC LIMITED",ITC,"2020-08-08 00:00:00.0",36,568.0000,850.8900,900.0000
35378,4,0,CIPLA,CIPLA,"2020-08-08 00:00:00.0",100,568.0000,450.8900,430.0000
35379,5,0,APPLE-TEST,"TEST - APPLE","2020-08-08 00:00:00.0",1,100.0000,100.0000,130.0000
35380,6,0,APPLE,APPLE,"2020-08-08 00:00:00.0",1236,2568.0000,2000.0000,1900.0000
35381,1,0,"HCL Technologies",HCLTECH,"2020-08-08 00:00:00.0",36,568.0000,800.0000,890.0000
35382,2,0,"TCS ",TCS,"2020-08-08 00:00:00.0",360,1568.0000,1850.8900,1900.0000
35383,3,0,"ITC LIMITED",ITC,"2020-08-08 00:00:00.0",36,568.0000,850.8900,900.0000
35384,4,0,CIPLA,CIPLA,"2020-08-08 00:00:00.0",100,568.0000,450.8900,430.0000
35385,5,0,APPLE-TEST,"TEST - APPLE","2020-08-08 00:00:00.0",1,100.0000,100.0000,130.0000
35386,6,0,APPLE,APPLE,"2020-08-08 00:00:00.0",1236,2568.0000,2000.0000,1900.0000
35387,1,0,"HCL Technologies",HCLTECH,"2020-08-08 00:00:00.0",36,568.0000,800.0000,890.0000
35388,2,0,"TCS ",TCS,"2020-08-08 00:00:00.0",360,1568.0000,1850.8900,1900.0000
35389,3,0,"ITC LIMITED",ITC,"2020-08-08 00:00:00.0",36,568.0000,850.8900,900.0000
35390,4,0,CIPLA,CIPLA,"2020-08-08 00:00:00.0",100,568.0000,450.8900,430.0000
35391,5,0,APPLE-TEST,"TEST - APPLE","2020-08-08 00:00:00.0",1,100.0000,100.0000,130.0000
35392,6,0,APPLE,APPLE,"2020-08-08 00:00:00.0",1236,2568.0000,2000.0000,1900.0000
35393,1,0,"HCL Technologies",HCLTECH,"2020-08-08 00:00:00.0",36,568.0000,800.0000,890.0000
35394,2,0,"TCS ",TCS,"2020-08-08 00:00:00.0",360,1568.0000,1850.8900,1900.0000
35395,3,0,"ITC LIMITED",ITC,"2020-08-08 00:00:00.0",36,568.0000,850.8900,900.0000
